Change,Close,Date,Momentum,open
0,311.349976,1/4/2010,0,311.349976
0.004403707,309.978882,1/5/2010,0,309.9832857
0.025208746,302.164703,1/6/2010,0,302.1899117
0.023279489,295.130463,1/7/2010,0,295.1537425
0.013331111,299.06488,1/8/2010,1,299.0515489
0.001511568,298.612823,1/11/2010,0,298.6143346
0.017684003,293.332153,1/12/2010,0,293.349837
0.005741106,291.648102,1/13/2010,0,291.6538431
0.004701193,293.019196,1/14/2010,1,293.0144948
0.01669921,288.126007,1/15/2010,0,288.1427062
0.013138002,291.911407,1/19/2010,1,291.898269
0.012269908,288.329681,1/20/2010,0,288.3419509
0.004427928,289.606384,1/21/2010,1,289.6019561
0.056554275,273.227905,1/22/2010,0,273.2844593
0.018199664,268.255249,1/25/2010,0,268.2734487
0.004481474,269.457428,1/26/2010,1,269.4529465
0.000589948,269.298462,1/27/2010,0,269.2990519
0.014406919,265.418701,1/28/2010,0,265.4331079
0.008141664,263.257751,1/29/2010,0,263.2658927
0.005812023,264.787811,2/1/2010,1,264.781999
0.003564541,263.843964,2/2/2010,0,263.8475285
0.018263196,268.662598,2/3/2010,1,268.6443348
0.025960592,261.687958,2/4/2010,0,261.7139186
0.008561525,263.928406,2/5/2010,1,263.9198445
0.004103185,265.011353,2/8/2010,1,265.0072498
0.005567316,266.486755,2/9/2010,1,266.4811877
0.003709588,265.498199,2/10/2010,0,265.5019086
0.003648571,266.466888,2/11/2010,1,266.4632394
0.006114809,264.837494,2/12/2010,0,264.8436088
0.015343628,268.901062,2/16/2010,1,268.8857184
0.005708546,267.366028,2/17/2010,0,267.3717365
0.009308699,269.854858,2/18/2010,1,269.8455493
0.004528527,268.632813,2/19/2010,0,268.6373415
0.003772424,269.64621,2/22/2010,1,269.6424376
0.014240983,265.806183,2/23/2010,0,265.820424
0.006728064,264.017822,2/24/2010,0,264.0245501
0.009483159,261.514099,2/25/2010,0,261.5235822
0.000702857,261.697906,2/26/2010,1,261.6972031
0.011180697,264.623871,3/1/2010,1,264.6126903
0.015712713,268.78183,3/2/2010,1,268.7661173
0.007873453,270.898071,3/3/2010,1,270.8901975
0.016999169,275.503113,3/4/2010,1,275.4861138
0.017346192,280.282043,3/5/2010,1,280.2646968
0.003066215,279.422638,3/8/2010,0,279.4257042
0.004071266,278.285034,3/9/2010,0,278.2891053
0.02902583,286.362488,3/10/2010,1,286.3334622
0.008135961,288.692322,3/11/2010,1,288.684186
0.002753211,287.897491,3/12/2010,0,287.9002442
0.02822927,279.770355,3/15/2010,0,279.7985843
0.003586795,280.773834,3/16/2010,1,280.7702472
0.000636929,280.952667,3/17/2010,1,280.9520301
0.001485296,281.369965,3/18/2010,1,281.3684797
0.011299436,278.190643,3/19/2010,0,278.2019424
0.004464252,276.94873,3/22/2010,0,276.9531943
0.015246735,272.726166,3/23/2010,0,272.7414127
0.015173066,276.864258,3/24/2010,1,276.8490849
0.009958237,279.621338,3/25/2010,1,279.6113798
0.000337567,279.526947,3/26/2010,0,279.5272846
0.000426549,279.407715,3/29/2010,0,279.4081415
0.007574025,281.523956,3/30/2010,1,281.516382
0.000723473,281.727631,3/31/2010,1,281.7269075
0.002962308,282.562195,4/1/2010,1,282.5592327
0.00388541,283.660065,4/5/2010,1,283.6561796
0.004886084,282.274078,4/6/2010,0,282.2789641
0.008236286,279.949188,4/7/2010,0,279.9574243
0.007009308,281.911438,4/8/2010,1,281.9044287
0.002237901,281.280548,4/9/2010,0,281.2827859
0.011497233,284.514496,4/12/2010,1,284.5029988
0.024514182,291.489136,4/13/2010,1,291.4646218
0.003800444,292.596924,4/14/2010,1,292.5931236
0.010696179,295.726593,4/15/2010,1,295.7158968
0.07584417,273.297455,4/16/2010,0,273.3732992
9.09E-05,273.272614,4/19/2010,0,273.2727049
0.00898019,275.726654,4/20/2010,1,275.7176738
0.001333146,275.35907,4/21/2010,0,275.3604031
0.01306156,271.762451,4/22/2010,0,271.7755126
0.003783893,270.734131,4/23/2010,0,270.7379149
0.024495866,264.102264,4/26/2010,0,264.1267599
0.00485284,262.820618,4/27/2010,0,262.8254708
0.0002457,262.885193,4/28/2010,1,262.8849473
0.005309938,264.281097,4/29/2010,1,264.2757871
0.01184208,261.151459,4/30/2010,0,261.1633011
0.009320924,263.585632,5/3/2010,1,263.5763111
0.045665281,251.54892,5/4/2010,0,251.5945853
0.006694726,253.232971,5/5/2010,1,253.2262763
0.021755342,247.723801,5/6/2010,0,247.7455563
0.011089496,244.976669,5/7/2010,0,244.9877585
0.057813212,259.139557,5/10/2010,1,259.0817438
0.024154139,252.880264,5/11/2010,0,252.9044181
0.007189869,251.062088,5/12/2010,0,251.0692779
0.010862907,253.789352,5/13/2010,1,253.7784891
0.006557344,252.125168,5/14/2010,0,252.1317253
0.000866958,252.34375,5/17/2010,1,252.342883
0.018898752,247.574768,5/18/2010,0,247.5936668
0.007905794,245.617493,5/19/2010,0,245.6253988
0.039277528,235.970245,5/20/2010,0,236.0095225
0.006231476,234.499802,5/21/2010,0,234.5060335
0.010825161,237.0383,5/24/2010,1,237.0274748
0.000188615,236.993591,5/25/2010,0,236.9937796
0.003353804,236.198761,5/26/2010,0,236.2021148
0.031526685,243.645325,5/27/2010,1,243.6137983
0.009847917,241.245926,5/28/2010,0,241.2557739
0.006712905,239.626465,6/1/2010,0,239.6331779
0.022804084,245.090927,6/2/2010,1,245.0681229
0.024788637,251.166397,6/3/2010,1,251.1416084
0.013607593,247.748627,6/4/2010,0,247.7622346
0.026467727,241.191284,6/7/2010,0,241.2177517
0.001524164,240.823669,6/8/2010,0,240.8251932
0.022195617,235.478439,6/9/2010,0,235.5006346
0.027403927,241.931473,6/10/2010,1,241.9040691
0.003059494,242.671661,6/11/2010,1,242.6686015
0.010870029,240.033813,6/14/2010,0,240.044683
0.030629739,247.385986,6/15/2010,1,247.3553563
0.006586509,249.015396,6/16/2010,1,249.0088095
0.002373974,248.42424,6/17/2010,0,248.426614
1.00E-04,248.399399,6/18/2010,0,248.399499
0.02293861,242.701462,6/21/2010,0,242.7244006
0.004728183,241.553925,6/22/2010,0,241.5586532
0.008637516,239.467499,6/23/2010,0,239.4761365
0.014417593,236.014954,6/24/2010,0,236.0293716
0.005093656,234.812775,6/25/2010,0,234.8178687
0.001269377,234.514709,6/28/2010,0,234.5159784
0.037747875,225.662277,6/29/2010,0,225.7000249
0.020494821,221.037369,6/30/2010,0,221.0578638
0.012271034,218.325012,7/1/2010,0,218.337283
0.006689614,216.864502,7/2/2010,0,216.8711916
0.00109953,216.626053,7/6/2010,0,216.6271525
0.032403065,223.645401,7/7/2010,1,223.6129979
0.014127069,226.804855,7/8/2010,1,226.7907279
0.023939911,232.234543,7/9/2010,1,232.2106031
0.017839943,236.377594,7/12/2010,1,236.3597541
0.028098264,243.019394,7/13/2010,1,242.9912957
0.004374466,244.082474,7/14/2010,1,244.0780995
0.005454484,245.413818,7/15/2010,1,245.4083635
0.069653071,228.319992,7/16/2010,0,228.3896451
0.014294758,231.583771,7/19/2010,1,231.5694762
0.033055909,239.238983,7/20/2010,1,239.2059271
0.008492696,237.207199,7/21/2010,0,237.2156917
0.015308886,240.838577,7/22/2010,1,240.8232681
0.010828963,243.446609,7/23/2010,1,243.43578
0.002224196,242.905136,7/26/2010,0,242.9073602
0.007485128,244.723312,7/27/2010,1,244.7158269
0.016807757,240.610062,7/28/2010,0,240.6268698
0.001321358,240.927994,7/29/2010,1,240.9266726
0.000288675,240.858444,7/30/2010,0,240.8587327
0.011467478,243.620483,8/2/2010,1,243.6090155
0.001182704,243.332352,8/3/2010,0,243.3335347
0.033664763,251.524078,8/4/2010,1,251.4904132
0.003515556,252.408325,8/5/2010,1,252.4048094
0.01550874,248.49379,8/6/2010,0,248.5092987
0.010255451,251.042206,8/9/2010,1,251.0319505
0.003245259,250.227509,8/10/2010,0,250.2307543
0.023763654,244.281189,8/11/2010,0,244.3049527
0.00054906,244.415314,8/12/2010,1,244.4147649
0.011503809,241.603607,8/13/2010,0,241.6151108
0.001562675,241.226059,8/16/2010,0,241.2276217
0.010152576,243.675125,8/17/2010,1,243.6649724
0.017063535,239.517166,8/18/2010,0,239.5342295
0.029409892,232.472992,8/19/2010,0,232.5024019
0.012714509,229.517212,8/20/2010,0,229.5299265
0.004437014,230.535583,8/23/2010,1,230.531146
0.027323444,224.236557,8/24/2010,0,224.2638804
0.007155693,225.841125,8/25/2010,1,225.8339693
0.008006699,224.032883,8/26/2010,0,224.0408897
0.017406565,227.932526,8/27/2010,1,227.9151194
0.013381903,224.882355,8/30/2010,0,224.8957369
0.005898066,223.555984,8/31/2010,0,223.5618821
0.022910096,228.677673,9/1/2010,1,228.6547629
0.00619119,230.09346,9/2/2010,1,230.0872688
0.015372028,233.630463,9/3/2010,1,233.615091
0.012545192,230.699524,9/7/2010,0,230.7120692
0.013307518,233.769562,9/8/2010,1,233.7562545
0.011900206,236.551468,9/9/2010,1,236.5395678
8.40E-05,236.531586,9/10/2010,0,236.53167
0.012874374,239.576782,9/13/2010,1,239.5639076
0.003815257,238.662735,9/14/2010,0,238.6665503
0.000437056,238.767044,9/15/2010,1,238.7666069
0.00087386,238.975693,9/16/2010,1,238.9748191
0.01889575,243.491318,9/17/2010,1,243.4724223
0.036988686,252.497742,9/20/2010,1,252.4607533
0.010191267,255.071014,9/21/2010,1,255.0608227
0.004946779,256.332794,9/22/2010,1,256.3278472
0.004883675,255.080948,9/23/2010,0,255.0858317
0.026894862,261.941315,9/24/2010,1,261.9144201
0.005917073,263.491241,9/27/2010,1,263.4853239
0.006108465,261.881714,9/28/2010,0,261.8878225
0.000986442,262.140045,9/29/2010,1,262.1390586
0.003600663,261.196167,9/30/2010,0,261.1997677
0.00032329,261.111725,10/1/2010,0,261.1120483
0.006221287,259.487274,10/4/2010,0,259.4934953
0.030401117,267.375977,10/5/2010,1,267.3455759
0.0072088,265.448517,10/6/2010,0,265.4557258
0.008122008,263.292542,10/7/2010,0,263.300664
0.011961999,266.442047,10/8/2010,1,266.430085
0.004642544,267.679016,10/11/2010,1,267.6743735
0.004732362,268.94577,10/12/2010,1,268.9410376
0.003527931,269.894592,10/13/2010,1,269.8910641
0.00436221,268.717255,10/14/2010,0,268.7216172
0.111881364,298.781708,10/15/2010,1,298.6698266
0.027034734,306.859192,10/18/2010,1,306.8321573
0.015994571,301.951111,10/19/2010,0,301.9671056
0.000246706,302.025604,10/20/2010,1,302.0253573
0.006595686,304.01767,10/21/2010,1,304.0110743
0.000882347,304.285919,10/22/2010,1,304.2850367
0.006481299,306.258087,10/25/2010,1,306.2516057
0.00340632,307.3013,10/26/2010,1,307.2978937
0.003443217,306.243195,10/27/2010,0,306.2466382
0.003422626,307.291351,10/28/2010,1,307.2879284
0.007889011,304.867126,10/29/2010,0,304.875015
0.002118343,305.512939,11/1/2010,1,305.5108207
0.000975625,305.811005,11/2/2010,1,305.8100294
0.007439814,308.086182,11/3/2010,1,308.0787422
0.006594905,310.117981,11/4/2010,1,310.1113861
0.001297487,310.520355,11/5/2010,1,310.5190575
0.002703652,311.359894,11/8/2010,1,311.3571903
0.003111155,310.391205,11/9/2010,0,310.3943162
0.003104937,309.42746,11/10/2010,0,309.4305649
0.009134933,306.600861,11/11/2010,0,306.6099959
0.022521434,299.69577,11/12/2010,0,299.7182914
0.012962262,295.811035,11/15/2010,0,295.8239973
0.019732313,289.973999,11/16/2010,0,289.9937313
0.000291205,289.889557,11/17/2010,0,289.8898482
0.022294532,296.352509,11/18/2010,1,296.3302145
0.009605105,293.506012,11/19/2010,0,293.5156171
0.000660143,293.699768,11/22/2010,1,293.6991079
0.013886497,289.621307,11/23/2010,0,289.6351935
0.020514188,295.562653,11/24/2010,1,295.5421388
0.008353335,293.093719,11/26/2010,0,293.1020723
0.013372941,289.174194,11/29/2010,0,289.1875669
0.045352197,276.059509,11/30/2010,0,276.1048612
0.015547677,280.351593,12/1/2010,1,280.3360453
0.013236401,284.062439,12/2/2010,1,284.0492026
0.002063567,284.648621,12/3/2010,1,284.6465574
0.009354301,287.31131,12/6/2010,1,287.3019557
0.015180861,291.672943,12/7/2010,1,291.6577621
0.005790822,293.361969,12/8/2010,1,293.3561782
0.00162563,293.838867,12/9/2010,1,293.8372414
0.00120029,294.191559,12/10/2010,1,294.1903587
0.004069576,295.388794,12/13/2010,1,295.3847244
0.000487639,295.532837,12/14/2010,1,295.5323494
0.007749054,293.242737,12/15/2010,0,293.2504861
0.002388598,293.943176,12/16/2010,1,293.9407874
0.001537906,293.491119,12/17/2010,0,293.4926569
0.007210583,295.607361,12/20/2010,1,295.6001504
0.013460849,299.586487,12/21/2010,1,299.5730262
0.004012794,300.788666,12/22/2010,1,300.7846532
0.002081016,300.16272,12/23/2010,0,300.164801
0.003061696,299.243713,12/27/2010,0,299.2467747
0.00574385,297.524902,12/28/2010,0,297.5306459
0.003472869,298.558167,12/29/2010,1,298.5546941
0.003560713,297.495087,12/30/2010,0,297.4986477
0.008165513,295.065887,12/31/2010,0,295.0740525
0.017475636,300.222351,1/3/2011,1,300.2048754
0.003689892,299.114563,1/4/2011,0,299.1182529
0.01154245,302.567078,1/5/2011,1,302.5555356
0.007273475,304.767792,1/6/2011,1,304.7605185
0.004792104,306.228271,1/7/2011,1,306.2234789
0.003617524,305.120483,1/10/2011,0,305.1241005
0.002930632,306.014679,1/11/2011,1,306.0117484
0.001396064,306.441895,1/12/2011,1,306.4404989
0.000291791,306.352478,1/13/2011,0,306.3527698
0.012145471,310.073273,1/14/2011,1,310.0611275
0.024752469,317.748352,1/18/2011,1,317.7235995
0.012319658,313.833801,1/19/2011,0,313.8461207
0.007882857,311.359894,1/20/2011,0,311.3677769
0.023836477,303.938171,1/21/2011,0,303.9620075
0.001225769,303.565613,1/24/2011,0,303.5668388
0.014449739,307.952057,1/25/2011,1,307.9376073
0.005500759,306.258087,1/26/2011,0,306.2635878
0.000470433,306.402161,1/27/2011,1,306.4016906
0.025616559,298.553192,1/28/2011,0,298.5788086
0.001048249,298.240234,1/31/2011,0,298.2412822
0.017789287,303.545715,2/1/2011,1,303.5279257
0.001571094,304.022614,2/2/2011,1,304.0210429
0.003022824,303.103607,2/3/2011,0,303.1066298
0.001360337,303.51593,2/4/2011,1,303.5145697
0.005417465,305.160217,2/7/2011,1,305.1547995
0.006658142,307.192017,2/8/2011,1,307.1853589
0.003040216,306.258087,2/9/2011,0,306.2611272
9.74E-05,306.228271,2/10/2011,0,306.2283684
0.013075109,310.232239,2/11/2011,1,310.2191639
0.00584466,312.045441,2/14/2011,1,312.0395963
0.006367858,310.05838,2/15/2011,0,310.0647479
0.000112108,310.09314,2/16/2011,1,310.0930279
0.001666054,310.609772,2/17/2011,1,310.6081059
0.007708833,313.004211,2/18/2011,1,312.9965022
0.03153564,303.133423,2/22/2011,0,303.1649586
0.001818971,303.684814,2/23/2011,1,303.682995
0.004089477,302.442902,2/24/2011,0,302.4469915
0.002003843,303.04895,2/25/2011,1,303.0469462
0.005507886,304.718109,2/28/2011,1,304.7126011
0.020606504,298.438934,3/1/2011,0,298.4595405
5.00E-05,298.453857,3/2/2011,1,298.453807
0.014597429,302.810516,3/3/2011,1,302.7959186
0.01466637,298.369385,3/4/2011,0,298.3840514
0.014917918,293.918335,3/7/2011,0,293.9332529
0.001098625,294.241241,3/8/2011,1,294.2401424
0.000911664,293.972992,3/9/2011,0,293.9739037
0.019382519,288.275055,3/10/2011,0,288.2944375
0.006186512,286.491638,3/11/2011,0,286.4978245
0.011652302,283.153351,3/14/2011,0,283.1650033
0.000754337,282.939758,3/15/2011,0,282.9405123
0.021876593,276.75,3/16/2011,0,276.7718766
0.007646761,278.866241,3/17/2011,1,278.8585942
0.000534367,278.717224,3/18/2011,0,278.7177584
0.027519308,286.387329,3/21/2011,1,286.3598097
0.001422371,286.794678,3/22/2011,1,286.7932556
0.008383552,289.199036,3/23/2011,1,289.1906524
0.008124961,291.548767,3/24/2011,1,291.540642
0.012182902,287.996857,3/25/2011,0,288.0090399
0.007555093,285.821014,3/28/2011,0,285.8285691
0.011071366,288.985443,3/29/2011,1,288.9743716
0.00018903,289.04007,3/30/2011,1,289.039881
0.00845589,291.484161,3/31/2011,1,291.4757051
0.008589571,293.987885,4/1/2011,1,293.9792954
0.006961824,291.941193,4/4/2011,0,291.9481548
0.031632826,282.706268,4/5/2011,0,282.7379008
0.008944142,285.234833,4/6/2011,1,285.2258889
0.010136118,288.126007,4/7/2011,1,288.1158709
0.003172334,287.211975,4/8/2011,0,287.2151473
0.001366433,286.819519,4/11/2011,0,286.8208854
0.011708248,283.461365,4/12/2011,0,283.4730732
0.009936737,286.278046,4/13/2011,1,286.2681093
0.003869623,287.385834,4/14/2011,1,287.3819644
0.082643318,263.635315,4/15/2011,0,263.7179583
0.007273464,261.717773,4/18/2011,0,261.7250465
0.010078975,259.079926,4/19/2011,0,259.090005
0.00805321,261.166351,4/20/2011,1,261.1582978
0.001198305,260.853394,4/21/2011,0,260.8545923
9.52E-05,260.828552,4/25/2011,0,260.8286472
0.014798587,264.688446,4/26/2011,1,264.6736474
0.009271432,267.142487,4/27/2011,1,267.1332156
0.000390574,267.246826,4/28/2011,1,267.2464354
0.011394698,270.292023,4/29/2011,1,270.2806283
0.010181973,267.539917,5/2/2011,0,267.550099
0.008671289,265.220001,5/3/2011,0,265.2286723
0.003558736,266.163849,5/4/2011,1,266.1602903
0.002836847,265.408783,5/5/2011,0,265.4116198
0.001927811,265.920441,5/6/2011,1,265.9185132
0.004446112,267.102753,5/9/2011,1,267.0983069
0.009262005,269.57666,5/10/2011,1,269.567398
0.013286369,265.994965,5/11/2011,0,266.0082514
0.000747007,265.796265,5/12/2011,0,265.797012
0.010279448,263.064026,5/13/2011,0,263.0743054
0.021017899,257.534973,5/16/2011,0,257.5559909
0.023224457,263.516083,5/17/2011,1,263.4928585
0.001225379,263.193176,5/18/2011,0,263.1944014
0.002718015,263.908539,5/19/2011,1,263.905821
0.01359058,260.321869,5/20/2011,0,260.3354596
0.010762784,257.520081,5/23/2011,0,257.5308438
0.000250761,257.455505,5/24/2011,0,257.4557558
0.002720625,258.155945,5/25/2011,1,258.1532244
0.002963383,257.39093,5/26/2011,0,257.3938934
0.005346101,258.766968,5/27/2011,1,258.7616219
0.015588357,262.80072,5/31/2011,1,262.7851316
0.006464762,261.101776,6/1/2011,0,261.1082408
0.004680343,262.323822,6/2/2011,1,262.3191417
0.009430737,259.849915,6/3/2011,0,259.8593457
0.003861648,258.846466,6/6/2011,0,258.8503276
0.00389595,257.838013,6/7/2011,0,257.841909
0.000269739,257.907562,6/8/2011,1,257.9072923
0.004699851,256.695435,6/9/2011,0,256.7001349
0.013972473,253.108765,6/10/2011,0,253.1227375
0.009381512,250.734222,6/13/2011,0,250.7436035
0.007211732,252.54245,6/14/2011,1,252.5352383
0.010661534,249.84996,6/15/2011,0,249.8606215
0.005129727,248.568298,6/16/2011,0,248.5734277
0.030677267,240.942902,6/17/2011,0,240.9735793
0.000907198,240.724319,6/20/2011,0,240.7252262
0.017375897,244.90712,6/21/2011,1,244.8897441
0.012150104,241.931473,6/22/2011,0,241.9436231
0.013942221,238.558411,6/23/2011,0,238.5723532
0.011119943,235.905655,6/24/2011,0,235.9167749
0.01667793,239.840073,6/27/2011,1,239.8233951
0.02247305,245.230011,6/28/2011,1,245.207538
0.00794088,247.177353,6/29/2011,1,247.1694121
0.017706015,251.553879,6/30/2011,1,251.536173
0.028930836,258.831543,7/1/2011,1,258.8026122
0.021899,264.499695,7/5/2011,1,264.477796
0.005484169,265.950256,7/6/2011,1,265.9447718
0.020995204,271.533936,7/7/2011,1,271.5129408
0.026728821,264.276154,7/8/2011,0,264.3028828
0.008853553,261.936371,7/11/2011,0,261.9452246
0.012763523,265.279602,7/12/2011,1,265.2668385
0.007958648,267.390869,7/13/2011,1,267.3829104
0.017315038,262.760986,7/14/2011,0,262.778301
0.12984463,296.879089,7/15/2011,1,296.7492444
0.004484415,295.54776,7/18/2011,0,295.5522444
0.012791151,299.328156,7/19/2011,1,299.3153648
0.011949167,295.751434,7/20/2011,0,295.7633832
0.019551483,301.533813,7/21/2011,1,301.5142615
0.018517592,307.117493,7/22/2011,1,307.0989754
0.001213181,307.490082,7/25/2011,1,307.4888688
0.00571903,309.248627,7/26/2011,1,309.242908
0.024577493,301.648071,7/27/2011,0,301.6726485
0.006126318,303.496063,7/28/2011,1,303.4899367
0.011867017,299.89447,7/29/2011,0,299.906337
0.005101995,301.42453,8/1/2011,1,301.419428
0.02368281,294.28595,8/2/2011,0,294.3096328
0.014804169,298.642609,8/3/2011,1,298.6278048
0.039339885,286.894043,8/4/2011,0,286.9333829
0.002631864,287.649109,8/5/2011,1,287.6464771
0.057025346,271.245819,8/8/2011,0,271.3028443
0.050163007,284.852325,8/9/2011,1,284.802162
0.042552523,272.73114,8/10/2011,0,272.7736925
0.023897561,279.248749,8/11/2011,1,279.2248514
0.00291746,280.063446,8/12/2011,1,280.0605285
0.011600482,276.814575,8/15/2011,0,276.8261755
0.032715369,267.758484,8/16/2011,0,267.7911994
0.01085343,264.852386,8/17/2011,0,264.8632394
0.053024461,250.808731,8/18/2011,0,250.8617555
0.027650118,243.87384,8/19/2011,0,243.9014901
0.014768201,247.475418,8/22/2011,1,247.4606498
0.041451737,257.733704,8/23/2011,1,257.6922523
0.008615676,259.954254,8/24/2011,1,259.9456383
0.006210716,258.339752,8/25/2011,0,258.3459627
0.013114397,261.727722,8/26/2011,1,261.7146076
0.023193936,267.798218,8/29/2011,1,267.7750241
0.003005169,268.602997,8/30/2011,1,268.5999918
0.000480821,268.732147,8/31/2011,1,268.7316662
0.01563887,264.52948,9/1/2011,0,264.5451189
0.014384926,260.724243,9/2/2011,0,260.7386279
0.005068232,259.402832,9/6/2011,0,259.4079002
0.022693349,265.289551,9/7/2011,1,265.2668577
0.001741512,265.751556,9/8/2011,1,265.7498145
0.018898621,260.729218,9/9/2011,0,260.7481166
0.010040877,263.347168,9/12/2011,1,263.3371271
0.001131719,263.049133,9/13/2011,0,263.0502647
0.004815655,264.315887,9/14/2011,1,264.3110713
0.019715391,269.526978,9/15/2011,1,269.5072626
0.007593641,271.573669,9/16/2011,1,271.5660754
1.83E-05,271.568695,9/19/2011,0,271.5687133
7.32E-05,271.548828,9/20/2011,0,271.5489012
0.013592322,267.857849,9/21/2011,0,267.8714413
0.034384331,258.647736,9/22/2011,0,258.6821203
0.00931511,261.057068,9/23/2011,1,261.0477529
0.012140652,264.226471,9/26/2011,1,264.2143303
0.014006651,267.927399,9/27/2011,1,267.9133923
0.019468315,262.711304,9/28/2011,0,262.7307723
0.00253377,262.045654,9/29/2011,0,262.0481878
0.023620857,255.855911,9/30/2011,0,255.8795319
0.037900023,246.158966,10/3/2011,0,246.196866
0.012875371,249.328354,10/4/2011,1,249.3154786
0.005578832,250.719315,10/5/2011,1,250.7137362
0.019833558,255.691971,10/6/2011,1,255.6721374
0.00079656,255.895645,10/7/2011,1,255.8948484
0.042805539,266.849396,10/10/2011,1,266.8065905
0.011188315,269.834991,10/11/2011,1,269.8238027
0.009794104,272.477783,10/12/2011,1,272.4679889
0.019124939,277.688904,10/13/2011,1,277.6697791
0.058480479,293.928284,10/14/2011,1,293.8698035
0.01566723,289.323242,10/17/2011,0,289.3389092
0.013907642,293.347046,10/18/2011,1,293.3331384
0.016612715,288.473755,10/19/2011,0,288.4903677
0.005114514,289.949158,10/20/2011,1,289.9440435
0.011684704,293.337128,10/21/2011,1,293.3254433
0.010042476,296.282959,10/24/2011,1,296.2729165
0.022232659,289.695801,10/25/2011,0,289.7180337
0.005401594,291.26062,10/26/2011,1,291.2552184
0.021081037,297.400696,10/27/2011,1,297.379615
0.002455458,298.130951,10/28/2011,1,298.1284955
0.012497089,294.405182,10/31/2011,0,294.4176791
0.023606239,287.455383,11/1/2011,0,287.4789892
0.010662747,290.520447,11/2/2011,1,290.5097843
0.021681923,296.819489,11/3/2011,1,296.7978071
0.002276229,296.14386,11/4/2011,0,296.1461362
0.020448281,302.199493,11/7/2011,1,302.1790447
0.006591788,304.191528,11/8/2011,1,304.1849362
0.018600791,298.533325,11/9/2011,0,298.5519258
0.009767804,295.61731,11/10/2011,0,295.6270778
0.022299445,302.209412,11/11/2011,1,302.1871126
0.007643696,304.519409,11/14/2011,1,304.5117653
0.005807492,306.287903,11/15/2011,1,306.2820955
0.008255517,303.759338,11/16/2011,0,303.7675935
0.01733526,298.493591,11/17/2011,0,298.5109263
0.009968881,295.517944,11/18/2011,0,295.5279129
0.023433288,288.592987,11/21/2011,0,288.6164203
0.001618127,288.126007,11/22/2011,0,288.1276251
0.017051654,283.212982,11/23/2011,0,283.2300337
0.012471332,279.680939,11/25/2011,0,279.6934103
0.044742452,292.19455,11/28/2011,1,292.1498075
0.008942696,289.581543,11/29/2011,0,289.5904857
0.028236672,297.758362,11/30/2011,1,297.7301253
0.023991115,304.901917,12/1/2011,1,304.8779259
0.010736935,308.175629,12/2/2011,1,308.1648921
0.008527277,310.803528,12/5/2011,1,310.7950007
0.003004889,309.869598,12/6/2011,0,309.8726029
0.000609227,309.680817,12/7/2011,0,309.6814262
0.011774288,306.034546,12/8/2011,0,306.0463203
0.018456263,311.6828,12/9/2011,1,311.6643437
0.003235414,310.674377,12/12/2011,0,310.6776124
0.000383688,310.793579,12/13/2011,1,310.7931953
0.012083757,307.038025,12/14/2011,0,307.0501088
0.002378288,307.76825,12/15/2011,1,307.7658717
0.01036257,310.95752,12/16/2011,1,310.9471574
0.006597901,308.905853,12/19/2011,0,308.9124509
0.013733738,313.148285,12/20/2011,1,313.1345513
0.007218034,310.88797,12/21/2011,0,310.895188
0.006199854,312.81543,12/22/2011,1,312.8092301
0.005462943,314.524323,12/23/2011,1,314.5188601
0.011229694,318.056335,12/27/2011,1,318.0451053
0.000858945,317.783142,12/28/2011,0,317.7840009
0.004220639,319.12439,12/29/2011,1,319.1201694
0.005448371,320.863098,12/30/2011,1,320.8576496
0.030205892,330.555054,1/3/2012,1,330.5248481
0.004313109,331.980774,1/4/2012,1,331.9764609
0.013871412,327.375732,1/5/2012,0,327.3896034
0.01364164,322.90979,1/6/2012,0,322.9234316
0.042398677,309.218842,1/9/2012,0,309.2612407
0.001092427,309.556641,1/10/2012,1,309.5555486
0.004525437,310.95752,1/11/2012,1,310.9529946
0.005879018,312.785645,1/12/2012,1,312.779766
0.007385243,310.475647,1/13/2012,0,310.4830322
0.005744145,312.259064,1/17/2012,1,312.2533199
0.006888514,314.410065,1/18/2012,1,314.4031765
0.01052279,317.718536,1/19/2012,1,317.7080132
0.083775037,291.101654,1/20/2012,0,291.185429
0.000801984,290.868195,1/23/2012,0,290.868997
0.007839228,288.588013,1/24/2012,0,288.5958522
0.019692589,282.904968,1/25/2012,0,282.9246606
0.002440714,282.214478,1/26/2012,0,282.2169187
0.020911794,288.116089,1/27/2012,1,288.0951772
0.003948422,286.978485,1/30/2012,0,286.9824334
0.004189091,288.180664,1/31/2012,1,288.1764749
0.001241117,288.53833,2/1/2012,1,288.5370889
0.00736883,290.66452,2/2/2012,1,290.6571512
0.019175822,296.238251,2/3/2012,1,296.2190752
0.021397557,302.577026,2/6/2012,1,302.5556284
0.003808934,301.42453,2/7/2012,0,301.4283389
0.005075994,302.954559,2/8/2012,1,302.949483
0.002640016,303.754364,2/9/2012,1,303.751724
0.009076577,300.997314,2/10/2012,0,301.0063906
0.010381039,304.121979,2/13/2012,1,304.111598
0.003985664,302.909851,2/14/2012,0,302.9138367
0.006887944,300.823425,2/15/2012,0,300.8303129
0.001585309,301.300323,2/16/2012,1,301.2987377
0.003099661,300.366394,2/17/2012,0,300.3694937
0.01548036,305.016174,2/21/2012,1,305.0006936
0.009869762,302.005737,2/22/2012,0,302.0156068
0.003010168,301.096649,2/23/2012,0,301.0996592
0.006252982,302.979401,2/24/2012,1,302.973148
0.000967363,302.68631,2/27/2012,0,302.6872774
0.014902164,307.196991,2/28/2012,1,307.1820888
0.000226402,307.127441,2/29/2012,0,307.1276674
0.006712474,309.189026,3/1/2012,1,309.1823135
0.001847701,308.617737,3/2/2012,0,308.6195847
0.011267619,305.14035,3/5/2012,0,305.1516176
0.015124155,300.52536,3/6/2012,0,300.5404842
0.00304155,301.439423,3/7/2012,1,301.4363815
0.000560358,301.608337,3/8/2012,1,301.6077766
0.01134836,298.185577,3/9/2012,0,298.1969254
0.008163286,300.619751,3/12/2012,1,300.6115877
0.020870884,306.893951,3/13/2012,1,306.8730801
0.002897486,306.00473,3/14/2012,0,306.0076275
0.008344335,308.558136,3/15/2012,1,308.5497917
0.00629493,310.500488,3/16/2012,1,310.4941931
0.01430314,314.94162,3/19/2012,1,314.9273169
0.000772965,314.698181,3/20/2012,0,314.698954
0.010244832,317.922211,3/21/2012,1,317.9119662
0.009484745,320.937622,3/22/2012,1,320.9281373
0.005355686,319.218781,3/23/2012,0,319.2241367
0.010488844,322.567017,3/26/2012,1,322.5565282
0.003557565,321.419464,3/27/2012,0,321.4230216
0.013508099,325.76123,3/28/2012,1,325.7477219
0.011208347,322.109985,3/29/2012,0,322.1211933
0.011057801,318.548157,3/30/2012,0,318.5592148
0.00885786,321.369812,4/2/2012,1,321.3609541
0.006646884,319.233704,4/3/2012,0,319.2403509
0.011624327,315.522827,4/4/2012,0,315.5344513
0.00445563,314.116974,4/5/2012,0,314.1214296
0.002340625,313.381744,4/9/2012,0,313.3840846
0.006309053,311.404602,4/10/2012,0,311.4109111
0.014516802,315.925201,4/11/2012,1,315.9106842
0.023665032,323.401581,4/12/2012,1,323.377916
0.040567705,310.281921,4/13/2012,0,310.3224887
0.029667017,301.076782,4/16/2012,0,301.106449
0.005774969,302.815491,4/17/2012,1,302.809716
0.0034779,301.762329,4/18/2012,0,301.7658069
0.013416767,297.713654,4/19/2012,0,297.7270708
0.005406296,296.104126,4/20/2012,0,296.1095323
0.002583601,296.869141,4/23/2012,1,296.8665574
0.006141258,298.692291,4/24/2012,1,298.6861497
0.01405357,302.889984,4/25/2012,1,302.8759304
0.009430635,305.746429,4/26/2012,1,305.7369984
0.000796209,305.502991,4/27/2012,0,305.5037872
0.016472038,300.470734,4/30/2012,0,300.487206
0.000694407,300.262085,5/1/2012,0,300.2627794
0.004682086,301.667938,5/2/2012,1,301.6632559
0.006191772,303.535797,5/3/2012,1,303.5296052
0.022994369,296.556183,5/4/2012,0,296.5791774
0.017722878,301.812012,5/7/2012,1,301.7942891
0.008624766,304.41507,5/8/2012,1,304.4064452
0.005940008,302.606842,5/9/2012,0,302.612782
0.007403726,304.84726,5/10/2012,1,304.8398563
0.013737289,300.659485,5/11/2012,0,300.6732223
0.002032276,300.048462,5/14/2012,0,300.0504943
0.011771575,303.580505,5/15/2012,1,303.5687334
0.029160031,312.432922,5/16/2012,1,312.403762
0.009349175,309.511932,5/17/2012,0,309.5212812
0.036353464,298.260101,5/18/2012,0,298.2964545
0.022834767,305.070801,5/21/2012,1,305.0479662
0.021673657,298.458801,5/22/2012,0,298.4804747
0.01441416,302.760834,5/23/2012,1,302.7464198
0.009516607,299.879578,5/24/2012,0,299.8890946
0.020094126,293.85376,5/25/2012,0,293.8738541
0.004750441,295.249695,5/29/2012,1,295.2449446
0.010280376,292.214417,5/30/2012,0,292.2246974
0.012529033,288.553253,5/31/2012,0,288.565782
0.017009273,283.645172,6/1/2012,0,283.6621813
0.013327905,287.425568,6/4/2012,1,287.4122401
0.01413781,283.362,6/5/2012,0,283.3761378
0.017811774,288.40918,6/6/2012,1,288.3913682
0.004030541,287.246735,6/7/2012,0,287.2507655
0.003839361,288.349579,6/8/2012,1,288.3457396
0.020587517,282.413177,6/11/2012,0,282.4337645
0.005980688,280.724152,6/12/2012,0,280.7301327
0.007096058,278.732117,6/13/2012,0,278.7392131
0.003635742,277.718719,6/14/2012,0,277.7223547
0.009766508,280.431061,6/15/2012,1,280.4212945
0.011230942,283.580566,6/18/2012,1,283.5693351
0.018709011,288.886078,6/19/2012,1,288.867369
0.006912791,286.889069,6/20/2012,0,286.8959818
0.021298337,280.778809,6/21/2012,0,280.8001073
0.011093237,283.893555,6/22/2012,1,283.8824618
0.018863281,278.538391,6/25/2012,0,278.5572543
0.007098167,280.515503,6/26/2012,1,280.5084048
0.00818163,282.810577,6/27/2012,1,282.8023954
0.008765058,280.331726,6/28/2012,0,280.3404911
0.027927881,288.160797,6/29/2012,1,288.1328691
0.000689546,288.359497,7/2/2012,1,288.3588075
0.012679381,292.015717,7/3/2012,1,292.0030376
0.013762475,296.034576,7/5/2012,1,296.0208135
0.016680031,291.09671,7/6/2012,0,291.11339
5.12E-05,291.111603,7/9/2012,1,291.1115518
0.007354853,288.97052,7/10/2012,0,288.9778749
0.018067722,283.749481,7/11/2012,0,283.7675487
0.001242966,283.39679,7/12/2012,0,283.398033
0.010587477,286.397247,7/13/2012,1,286.3866595
0.002775271,285.602417,7/16/2012,0,285.6051923
0.003148328,286.501587,7/17/2012,1,286.4984387
0.006987689,288.503571,7/18/2012,1,288.4965833
0.021179149,294.613831,7/19/2012,1,294.5926519
0.029946323,303.436432,7/20/2012,1,303.4064857
0.007678261,305.766296,7/23/2012,1,305.7586177
0.012899937,301.82193,7/24/2012,0,301.8348299
0.000691298,302.030579,7/25/2012,1,302.0298877
0.008832427,304.698242,7/26/2012,1,304.6894096
0.035215805,315.428436,7/27/2012,1,315.3932202
0.004189258,314.107025,7/30/2012,0,314.1112143
0.001059687,314.43988,7/31/2012,1,314.4388203
0.000458189,314.295807,8/1/2012,0,314.2962652
0.006211667,312.343506,8/2/2012,0,312.3497177
0.020007968,318.592865,8/3/2012,1,318.572857
0.002323257,319.333038,8/6/2012,1,319.3307147
0.003546858,318.200409,8/7/2012,0,318.2039559
0.002638397,319.039948,8/8/2012,1,319.0373096
0.000186908,319.099579,8/9/2012,1,319.0993921
0.000544936,318.92569,8/10/2012,0,318.9262349
0.028052955,327.872498,8/13/2012,1,327.844445
0.013105881,332.169556,8/14/2012,1,332.1564501
0.001674946,331.61319,8/15/2012,0,331.6148649
0.007984501,334.260956,8/16/2012,1,334.2529715
0.006345988,336.382172,8/17/2012,1,336.375826
0.002362881,335.587341,8/20/2012,0,335.5897039
0.008926272,332.591797,8/21/2012,0,332.6007233
0.011456212,336.402039,8/22/2012,1,336.3905828
0.00056118,336.213257,8/23/2012,0,336.2138182
0.002703903,337.122345,8/24/2012,1,337.1196411
0.013866156,332.447754,8/27/2012,0,332.4616202
0.01199901,336.436798,8/28/2012,1,336.424799
0.015887813,341.782043,8/29/2012,1,341.7661552
0.009200486,338.637482,8/30/2012,0,338.6466825
0.0050024,340.331482,8/31/2012,1,340.3264796
0.005911683,338.31955,9/4/2012,0,338.3254617
0.000469872,338.160583,9/5/2012,0,338.1610529
0.02744159,347.440247,9/6/2012,1,347.4128054
0.009651098,350.793427,9/7/2012,1,350.7837759
0.007618752,348.120819,9/10/2012,0,348.1284378
0.012243732,343.858521,9/11/2012,0,343.8707647
0.001892514,343.207764,9/12/2012,0,343.2096565
0.021942994,350.73877,9/13/2012,1,350.716827
0.005155569,352.547028,9/14/2012,1,352.5418724
0.000422687,352.696045,9/17/2012,1,352.6956223
0.011690517,356.819244,9/18/2012,1,356.8075535
0.012836194,361.399445,9/19/2012,1,361.3866088
0.000852196,361.707428,9/20/2012,1,361.7065758
0.008061891,364.623474,9/21/2012,1,364.6154121
0.020967558,372.268738,9/24/2012,1,372.2477704
0.000293562,372.159454,9/25/2012,0,372.1597476
0.005739768,374.295563,9/26/2012,1,374.2898232
0.004034761,375.805756,9/27/2012,1,375.8017212
0.002643815,374.812195,9/28/2012,0,374.8148388
0.009648792,378.42868,10/1/2012,1,378.4190312
0.006287885,376.049164,10/2/2012,0,376.0554519
0.007278788,378.786346,10/3/2012,1,378.7790672
0.007278723,381.543427,10/4/2012,1,381.5361483
0.00052078,381.344727,10/5/2012,0,381.3452478
0.012779309,376.471405,10/8/2012,0,376.4841843
0.018143652,369.640839,10/9/2012,0,369.6589827
0.000631667,369.874329,10/10/2012,1,369.8736973
0.009294027,373.311951,10/11/2012,1,373.302657
0.008955599,369.968719,10/12/2012,0,369.9776746
0.005062139,368.095886,10/15/2012,0,368.1009481
0.005020409,369.943878,10/16/2012,1,369.9388576
0.014489057,375.304016,10/17/2012,1,375.2895269
0.080067249,345.254456,10/18/2012,0,345.3345232
0.01900719,338.692139,10/19/2012,0,338.7111462
0.004576212,337.142212,10/22/2012,0,337.1467882
0.002475406,337.976776,10/23/2012,1,337.9743006
0.004482962,336.461639,10/24/2012,0,336.466122
0.000679174,336.690155,10/25/2012,1,336.6894758
0.003850929,335.393585,10/26/2012,0,335.3974359
0.007627904,337.951935,10/31/2012,1,337.9443071
0.010715903,341.573395,11/1/2012,1,341.5626791
0.000479955,341.737335,11/2/2012,1,341.736855
0.007210184,339.273346,11/5/2012,0,339.2805562
0.001815636,338.657349,11/6/2012,0,338.6591646
0.021416361,331.404541,11/7/2012,0,331.4259574
0.022229919,324.037445,11/8/2012,0,324.0596749
0.016465063,329.372742,11/9/2012,1,329.3562769
0.004328591,330.798462,11/12/2012,1,330.7941334
0.010286816,327.395599,11/13/2012,0,327.4058858
0.009862698,324.166595,11/14/2012,0,324.1764577
0.008106631,321.538696,11/15/2012,0,321.5468026
0.000123575,321.498962,11/16/2012,0,321.4990856
0.032494823,331.946014,11/19/2012,1,331.9135192
0.002633859,332.820313,11/20/2012,1,332.8176791
0.006119651,330.783569,11/21/2012,0,330.7896887
0.003153763,331.826782,11/23/2012,1,331.8236282
0.010210056,328.438812,11/26/2012,0,328.4490221
0.014459664,333.187927,11/27/2012,1,333.1734673
0.019322852,339.626068,11/28/2012,1,339.6067451
0.012023326,343.709503,11/29/2012,1,343.6974797
0.009365627,346.928558,11/30/2012,1,346.9191924
0.004467565,345.378632,12/3/2012,0,345.3830996
0.006069698,343.282288,12/4/2012,0,343.2883577
0.004645259,341.687653,12/5/2012,0,341.6922983
0.00481234,343.33197,12/6/2012,1,343.3271577
0.010012618,339.894318,12/7/2012,0,339.9043306
0.001768414,340.495392,12/10/2012,1,340.4936236
0.016719736,346.188385,12/11/2012,1,346.1716653
0.000975766,346.526184,12/12/2012,1,346.5252082
0.007368491,349.079559,12/13/2012,1,349.0721905
0.001053009,348.711975,12/14/2012,0,348.713028
0.026810614,358.061157,12/17/2012,1,358.0343464
0.000402373,358.205231,12/18/2012,1,358.2048286
0.001331354,357.728333,12/19/2012,0,357.7296644
0.003124455,358.846039,12/20/2012,1,358.8429145
0.009316617,355.502808,12/21/2012,0,355.5121246
0.008565887,352.457611,12/24/2012,0,352.4661769
0.000887931,352.144653,12/26/2012,0,352.1455409
0.003639632,350.862976,12/27/2012,0,350.8666156
0.008891562,347.743256,12/28/2012,0,347.7521476
0.010528437,351.404449,12/31/2012,1,351.3939206
0.022434912,359.288177,1/2/2013,1,359.2657421
0.000580729,359.496826,1/3/2013,1,359.4962453
0.019760369,366.600616,1/4/2013,1,366.5808556
0.004363356,365.001007,1/7/2013,0,365.0053704
0.001973436,364.280701,1/8/2013,0,364.2826744
0.00657306,366.67514,1/9/2013,1,366.6685669
0.004552065,368.344269,1/10/2013,1,368.3397169
0.002009463,367.604095,1/11/2013,0,367.6061045
0.022621941,359.288177,1/14/2013,0,359.3107989
0.002322829,360.122742,1/15/2013,1,360.1204192
0.013435786,355.28421,1/16/2013,0,355.2976458
0.005411119,353.361725,1/17/2013,0,353.3671361
0.009573748,349.978729,1/18/2013,0,349.9883027
0.002327847,349.164032,1/22/2013,0,349.1663598
0.054960375,368.354218,1/23/2013,1,368.2992576
0.01714093,374.668152,1/24/2013,1,374.6510111
0.000715967,374.399902,1/25/2013,0,374.400618
0.003900936,372.939392,1/28/2013,0,372.9432929
0.00392947,374.404846,1/29/2013,1,374.4009165
0.000199047,374.47937,1/30/2013,1,374.479171
0.002467375,375.403351,1/31/2013,1,375.4008836
0.026346824,385.294037,2/1/2013,1,385.2676902
0.021376972,377.057617,2/4/2013,0,377.078994
0.008853522,380.395905,2/5/2013,1,380.3870515
0.005785244,382.596588,2/6/2013,1,382.5908028
0.004907982,384.474365,2/7/2013,1,384.469457
0.01475546,390.147461,2/8/2013,1,390.1327055
0.003756154,388.682007,2/11/2013,0,388.6857632
0.002198357,387.827545,2/12/2013,0,387.8297434
0.002766768,388.900574,2/13/2013,1,388.8978072
0.006335781,391.364563,2/14/2013,1,391.3582272
0.006435473,393.883179,2/15/2013,1,393.8767435
0.017606426,400.818054,2/19/2013,1,400.8004476
0.01783477,393.669556,2/20/2013,0,393.6873908
0.003874023,395.194641,2/21/2013,1,395.190767
0.005254393,397.271149,2/22/2013,1,397.2658946
0.011179095,392.830017,2/25/2013,0,392.8411961
0.000809337,392.512085,2/26/2013,0,392.5128943
0.012213186,397.305908,2/27/2013,1,397.2936948
0.001775493,398.011322,2/28/2013,1,398.0095465
0.00622817,400.490204,3/1/2013,1,400.4839758
0.018990552,408.095734,3/4/2013,1,408.0767434
0.020815584,416.590485,3/5/2013,1,416.5696694
0.008609582,413.003815,3/6/2013,0,413.0124246
0.001467415,413.609863,3/7/2013,1,413.6083956
0.001297114,413.073364,3/8/2013,0,413.0746611
0.003968651,414.712708,3/11/2013,1,414.7087393
0.008636646,411.130981,3/12/2013,0,411.1396176
0.002779034,409.988434,3/13/2013,0,409.991213
0.004568014,408.115601,3/14/2013,0,408.120169
0.008812746,404.518982,3/15/2013,0,404.5277947
0.007994552,401.285034,3/18/2013,0,401.2930286
0.004369964,403.038635,3/19/2013,1,403.034265
0.004178312,404.722656,3/20/2013,1,404.7184777
0.004234594,403.00882,3/21/2013,0,403.0130546
0.001171002,402.536896,3/22/2013,0,402.538067
0.000826893,402.204041,3/25/2013,0,402.2048679
0.003433685,403.585083,3/26/2013,1,403.5816493
0.012013526,398.736603,3/27/2013,0,398.7486165
0.010552435,394.528961,3/28/2013,0,394.5395134
0.008814022,398.006348,4/1/2013,1,397.997534
0.014790513,403.893066,4/2/2013,1,403.8782755
0.008412841,400.495178,4/3/2013,0,400.5035908
0.013805542,394.966125,4/4/2013,0,394.9799305
0.015118157,388.994965,4/5/2013,0,389.0100832
0.010471902,384.921448,4/8/2013,0,384.9319199
0.00361362,386.312408,4/9/2013,1,386.3087944
0.016112654,392.536926,4/10/2013,1,392.5208133
0.00026573,392.641235,4/11/2013,1,392.6409693
0.000430123,392.472351,4/12/2013,0,392.4727811
0.010277878,388.438568,4/15/2013,0,388.4488459
0.014630486,394.121613,4/16/2013,1,394.1069825
0.013625381,388.751556,4/17/2013,0,388.7651814
0.021276337,380.480347,4/18/2013,0,380.5016233
0.044339397,397.350616,4/19/2013,1,397.3062766
0.00030007,397.469849,4/22/2013,1,397.4695489
0.009736115,401.339661,4/23/2013,1,401.3299249
0.006869692,404.096741,4/24/2013,1,404.0898713
0.005347606,401.935791,4/25/2013,0,401.9411386
0.009492029,398.120605,4/26/2013,0,398.130097
0.022010921,406.883606,4/29/2013,1,406.8615951
0.006727263,409.620819,4/30/2013,1,409.6140917
0.005020841,407.564178,5/1/2013,0,407.5691988
0.011189315,412.124542,5/2/2013,1,412.1133527
0.019418717,420.127472,5/3/2013,1,420.1080533
0.018717798,427.991333,5/6/2013,1,427.9726152
0.005014253,425.845276,5/7/2013,0,425.8502903
0.019131442,433.99231,5/8/2013,1,433.9731786
0.002461,432.924255,5/9/2013,0,432.926716
0.01004035,437.270966,5/10/2013,1,437.2609257
0.003067384,435.929688,5/13/2013,0,435.9327554
0.010905633,440.683777,5/14/2013,1,440.6728714
0.032454045,454.985748,5/15/2013,1,454.953294
0.013123842,449.014587,5/16/2013,0,449.0277108
0.005874749,451.652435,5/17/2013,1,451.6465603
0.000714944,451.329529,5/20/2013,0,451.3302439
0.001717069,450.554565,5/21/2013,0,450.5562821
0.019350136,441.836273,5/22/2013,0,441.8556231
0.007454297,438.542694,5/23/2013,0,438.5501483
0.010727364,433.838287,5/24/2013,0,433.8490144
0.009103256,437.787628,5/28/2013,1,437.7785247
0.014706083,431.349487,5/29/2013,0,431.3641931
0.002821545,432.566559,5/30/2013,1,432.5637375
0.000528277,432.795074,5/31/2013,1,432.7945457
0.004120625,431.011688,6/3/2013,0,431.0158086
0.00983142,426.774231,6/4/2013,0,426.7840624
0.000698414,427.072296,6/5/2013,1,427.0715976
0.005746196,429.526337,6/6/2013,1,429.5205908
0.017452355,437.022583,6/7/2013,1,437.0051306
0.011924146,442.233704,6/10/2013,1,442.2217799
0.011693788,437.062317,6/11/2013,0,437.0740108
0.008899598,433.172638,6/12/2013,0,433.1815376
0.005756998,435.666412,6/13/2013,1,435.660655
0.002234882,434.692749,6/14/2013,0,434.6949839
0.012810858,440.261536,6/17/2013,1,440.2487251
0.016214337,447.400085,6/18/2013,1,447.3838707
6.66E-05,447.429901,6/19/2013,1,447.4298344
0.017697715,439.511414,6/20/2013,0,439.5291117
0.004306375,437.618713,6/21/2013,0,437.6230194
0.012645702,432.084717,6/24/2013,0,432.0973627
0.004127471,430.3013,6/25/2013,0,430.3054275
0.008600783,434.002228,6/26/2013,1,433.9936272
0.003914597,435.701172,6/27/2013,1,435.6972574
0.00376254,437.340515,6/28/2013,1,437.3367525
0.008530525,441.071259,7/1/2013,1,441.0627285
0.00627336,438.30426,7/2/2013,0,438.3105334
0.004669569,440.350952,7/3/2013,1,440.3462824
0.007964493,443.858124,7/5/2013,1,443.8501595
0.012982779,449.620636,7/8/2013,1,449.6076532
0.000165749,449.69516,7/9/2013,1,449.6949943
0.000828537,450.067749,7/10/2013,1,450.0669205
0.01572863,457.146698,7/11/2013,1,457.1309694
0.002999243,458.517792,7/12/2013,1,458.5147928
0.001830982,459.35733,7/15/2013,1,459.355499
0.005493741,456.83374,7/16/2013,0,456.8392337
0.001152675,456.307159,7/17/2013,0,456.3083117
0.00856786,452.397583,7/18/2013,0,452.4061509
0.015460973,445.403076,7/19/2013,0,445.418537
0.015726106,452.407532,7/22/2013,1,452.3918059
0.007576585,448.979828,7/23/2013,0,448.9874046
0.000995842,448.532715,7/24/2013,0,448.5337108
0.016834609,440.981842,7/25/2013,0,440.9986766
0.002647318,439.814423,7/26/2013,0,439.8170703
0.003478808,438.284393,7/29/2013,0,438.2878718
0.0098042,442.581421,7/30/2013,1,442.5716168
0.003558075,441.006683,7/31/2013,0,441.0102411
0.01855254,449.188477,8/1/2013,1,449.1699245
0.002598882,450.355865,8/2/2013,1,450.3532661
0.001731824,449.575928,8/5/2013,0,449.5776598
0.009314876,445.388184,8/6/2013,0,445.3974989
0.006602977,442.447296,8/7/2013,0,442.453899
0.002256777,443.445801,8/8/2013,1,443.4435442
0.002520504,442.328094,8/9/2013,0,442.3306145
0.005503094,439.893921,8/12/2013,0,439.8994241
0.004810801,437.777679,8/13/2013,0,437.7824898
0.012981576,432.094635,8/14/2013,0,432.1076166
0.011669217,427.052429,8/15/2013,0,427.0640982
0.003198949,425.68631,8/16/2013,0,425.6895089
0.010199449,430.028076,8/19/2013,1,430.0178766
0.000265699,429.913818,8/20/2013,0,429.9140837
0.004518075,431.856201,8/21/2013,1,431.8516829
0.005038348,434.032043,8/22/2013,1,434.0270047
0.004005944,432.293335,8/23/2013,0,432.2973409
0.004389714,430.395691,8/26/2013,0,430.4000807
0.01874446,422.328156,8/27/2013,0,422.3469005
0.001882022,421.533325,8/28/2013,0,421.535207
0.008107985,424.951111,8/29/2013,1,424.943003
0.009971634,420.713654,8/30/2013,0,420.7236256
0.015916862,427.410095,9/3/2013,1,427.3941781
0.013075625,432.998749,9/4/2013,1,432.9856734
0.009097929,436.938141,9/5/2013,1,436.9290431
2.27E-05,436.948059,9/6/2013,1,436.9480363
0.009629616,441.155701,9/9/2013,1,441.1460714
0.000698198,441.463715,9/10/2013,1,441.4630168
0.008462048,445.199402,9/11/2013,1,445.19094
0.003492527,443.644531,9/12/2013,0,443.6480235
0.004467802,441.662415,9/13/2013,0,441.6668828
0.001473426,441.011658,9/16/2013,0,441.0131314
0.001858618,440.191986,9/17/2013,0,440.1938446
0.01942193,448.741364,9/18/2013,1,448.7219421
0.005457636,446.292297,9/19/2013,0,446.2977546
0.005253859,448.637054,9/20/2013,1,448.6318001
0.018392021,440.385712,9/23/2013,0,440.404104
0.000383559,440.554626,9/24/2013,1,440.5542424
0.010836241,435.78067,9/25/2013,0,435.7915062
0.001071525,436.24762,9/26/2013,1,436.2465485
0.002026938,435.363373,9/27/2013,0,435.3653999
0.000547667,435.124939,9/30/2013,0,435.1254867
0.012661088,440.634094,10/1/2013,1,440.6214329
0.001116169,441.125916,10/2/2013,1,441.1247998
0.013401074,435.214355,10/3/2013,0,435.2277561
0.004268954,433.356445,10/4/2013,0,433.360714
0.007577275,430.072784,10/7/2013,0,430.0803613
0.013941831,424.076782,10/8/2013,0,424.0907238
0.002565387,425.164703,10/9/2013,1,425.1621376
0.014465041,431.314728,10/10/2013,1,431.300263
0.004319083,433.177612,10/11/2013,1,433.1732929
0.004724764,435.224274,10/14/2013,1,435.2195492
0.006734316,438.155212,10/15/2013,1,438.1484777
0.018163089,446.113464,10/16/2013,1,446.0953009
0.010289196,441.523315,10/17/2013,0,441.5336042
0.137962859,502.437134,10/18/2013,1,502.2991711
0.008018534,498.408325,10/21/2013,0,498.4163435
0.003687826,500.246368,10/22/2013,1,500.2426802
0.024240316,512.372498,10/23/2013,1,512.3482577
0.005681495,509.461456,10/24/2013,0,509.4671375
0.010092169,504.319885,10/25/2013,0,504.3299772
0.000197028,504.22052,10/28/2013,0,504.220717
0.020926146,514.771912,10/29/2013,1,514.7509859
0.005616478,511.880707,10/30/2013,0,511.8863235
0.000155306,511.960205,10/31/2013,1,511.9600497
0.003434984,510.20163,11/1/2013,0,510.205065
0.000905536,509.739624,11/4/2013,0,509.7405295
0.004473168,507.459473,11/5/2013,0,507.4639462
0.001204082,508.070496,11/6/2013,1,508.0692919
0.014470773,500.718323,11/7/2013,0,500.7327938
0.008016253,504.732208,11/8/2013,1,504.7241917
0.005354172,502.029785,11/11/2013,0,502.0351392
0.001177532,502.620941,11/12/2013,1,502.6197635
0.020449144,512.899109,11/13/2013,1,512.8786599
0.002673105,514.270142,11/14/2013,1,514.2674689
0.001613141,513.440552,11/15/2013,0,513.4421651
0.001944673,512.442078,11/18/2013,0,512.4440227
0.006155839,509.287567,11/19/2013,0,509.2937228
0.002818975,507.851898,11/20/2013,0,507.854717
0.011503375,513.693909,11/21/2013,1,513.6824056
0.002108156,512.610962,11/22/2013,0,512.6130702
0.013606047,519.585571,11/25/2013,1,519.571965
0.011932023,525.785278,11/26/2013,1,525.773346
0.00444067,528.120117,11/27/2013,1,528.1156763
0.003311097,526.37146,11/29/2013,0,526.3747711
0.004822665,523.832947,12/2/2013,0,523.8377697
0.001156892,523.226929,12/3/2013,0,523.2280859
0.004671189,525.671021,12/4/2013,1,525.6663498
0.000793839,525.253723,12/5/2013,0,525.2545168
0.011850555,531.478271,12/6/2013,1,531.4664204
0.007729906,535.586548,12/9/2013,1,535.5788181
0.006047372,538.825439,12/10/2013,1,538.8193916
0.006794766,535.164246,12/11/2013,0,535.1710408
0.006804074,531.522949,12/12/2013,0,531.5297531
0.00857039,526.96759,12/13/2013,0,526.9761604
0.011491414,533.023193,12/16/2013,1,533.0117016
0.002907802,531.473267,12/17/2013,0,531.4761748
0.013917748,538.870178,12/18/2013,1,538.8562603
0.001355104,539.600403,12/19/2013,1,539.5990479
0.013257038,546.753906,12/20/2013,1,546.740649
0.013156151,553.947083,12/23/2013,1,553.9339268
0.002923467,552.327637,12/24/2013,0,552.3305605
0.005054735,555.119507,12/26/2013,1,555.1144523
0.000841114,555.586426,12/27/2013,1,555.5855849
0.007993538,551.145325,12/30/2013,0,551.1533185
0.010140128,556.734009,12/31/2013,1,556.7238689
0.006772548,552.963501,1/2/2014,0,552.9702735
0.007294789,548.929749,1/3/2014,0,548.9370438
0.011149292,555.049927,1/6/2014,1,555.0387777
0.019278336,565.750366,1/7/2014,1,565.7310877
0.002080966,566.927673,1/8/2014,1,566.925592
0.009629927,561.468201,1/9/2014,0,561.4778309
5.32E-05,561.438354,1/10/2014,0,561.4384072
0.006370639,557.861633,1/13/2014,0,557.8680036
0.023526683,570.986267,1/14/2014,1,570.9627403
0.000678564,570.598816,1/15/2014,0,570.5994946
0.006616649,574.374268,1/16/2014,1,574.3676514
0.004921288,571.547607,1/17/2014,0,571.5525283
0.011446957,578.090088,1/21/2014,1,578.078641
0.001134254,578.745789,1/22/2014,1,578.7446547
0.004223084,576.301697,1/23/2014,0,576.3059201
0.031264565,558.283875,1/24/2014,0,558.3151396
0.020109714,547.056946,1/27/2014,0,547.0770557
0.019777795,557.876526,1/28/2014,1,557.8567482
0.014327509,549.883545,1/29/2014,0,549.8978725
0.02572,564.02655,1/30/2014,1,564.00083
0.040144851,586.669312,1/31/2014,1,586.6291671
0.040255141,563.052856,2/3/2014,0,563.0931111
0.0041732,565.402588,2/4/2014,1,565.3984148
0.004428213,567.906311,2/5/2014,1,567.9018828
0.014660635,576.232178,2/6/2014,1,576.2175174
0.015069502,584.91571,2/7/2014,1,584.9006405
0.003830429,582.675232,2/10/2014,0,582.6790624
0.014706778,591.244507,2/11/2014,1,591.2298002
0.002932296,589.510803,2/12/2014,0,589.5137353
0.011131801,596.07312,2/13/2014,1,596.0619882
0.002416839,597.513733,2/14/2014,1,597.5113162
0.006717697,601.527649,2/18/2014,1,601.5209313
0.007052763,597.285217,2/19/2014,0,597.2922698
0.001472116,598.16449,2/20/2014,1,598.1630179
0.000265706,598.005554,2/21/2014,0,598.0058197
0.007243826,602.337402,2/24/2014,1,602.3301582
0.006177211,606.058167,2/25/2014,1,606.0519898
0.000139379,606.142639,2/26/2014,1,606.1424996
0.000786826,605.66571,2/27/2014,0,605.6664968
0.002919916,603.897217,2/28/2014,0,603.9001369
0.010660938,597.459106,3/3/2014,0,597.4697669
0.010160521,603.529602,3/4/2014,1,603.5194415
0.002757421,605.193787,3/5/2014,1,605.1910296
0.001108164,605.864441,3/6/2014,1,605.8633328
0.003952054,603.470032,3/7/2014,0,603.4739841
0.002650687,601.870422,3/10/2014,0,601.8730727
0.009557911,596.117798,3/11/2014,0,596.1273559
0.006091764,599.749207,3/12/2014,1,599.7431152
0.015108042,590.688171,3/13/2014,0,590.703279
0.013674752,582.610657,3/14/2014,0,582.6243318
0.016456352,592.198303,3/17/2014,1,592.1818466
0.016072535,601.716431,3/18/2014,1,601.7003585
0.00991528,595.750244,3/19/2014,0,595.7601593
0.001742792,594.711975,3/20/2014,0,594.7137178
0.011794624,587.697571,3/21/2014,0,587.7093656
0.021224993,575.223694,3/24/2014,0,575.244919
0.000682267,575.61615,3/25/2014,1,575.6154677
0.023085826,562.327576,3/26/2014,0,562.3506618
0.012308678,555.406067,3/27/2014,0,555.4183757
0.002739738,556.927734,3/28/2014,1,556.9249943
0.005392942,553.924255,3/31/2014,0,553.9296479
0.018295422,564.058533,4/1/2014,1,564.0402376
0.000282205,563.899353,4/2/2014,0,563.8996352
0.004832488,566.62439,4/3/2014,1,566.6195575
0.046687946,540.169861,4/4/2014,0,540.2165489
0.00918731,535.207153,4/7/2014,0,535.2163403
0.03112512,551.86554,4/8/2014,1,551.8344149
0.016651616,561.054993,4/9/2014,1,561.0383414
0.041106794,537.991821,4/10/2014,0,538.0329278
0.019132997,527.698425,4/11/2014,0,527.717558
0.003618516,529.60791,4/14/2014,1,529.6042915
0.007361219,533.50647,4/15/2014,1,533.4991088
0.037469296,553.496582,4/16/2014,1,553.4591127
0.03672696,533.168335,4/17/2014,0,533.205062
0.013952605,525.729248,4/21/2014,0,525.7432006
0.011709809,531.885437,4/22/2014,1,531.8737272
0.014715509,524.058472,4/23/2014,0,524.0731875
0.003377989,522.288208,4/24/2014,0,522.291586
0.017099578,513.3573,4/25/2014,0,513.3743996
0.00187912,514.32196,4/28/2014,1,514.3200809
0.020400276,524.81427,4/29/2014,1,524.7938697
0.001970796,523.779968,4/30/2014,0,523.7819388
0.008905205,528.444336,5/1/2014,1,528.4354308
0.006436451,525.04303,5/2/2014,0,525.0494665
0.000227265,524.923706,5/5/2014,0,524.9239333
0.024004837,512.322998,5/6/2014,0,512.3470028
0.010055576,507.171295,5/7/2014,0,507.1813506
0.002039414,508.205627,5/8/2014,1,508.2035876
0.015127113,515.893311,5/9/2014,1,515.8781839
0.021571989,527.022156,5/12/2014,1,527.000584
0.005982005,530.174805,5/13/2014,1,530.168823
0.012080516,523.77002,5/14/2014,0,523.7821005
0.012664879,517.136536,5/15/2014,0,517.1492009
0.001250005,517.782959,5/16/2014,1,517.781709
0.015807778,525.967957,5/19/2014,1,525.9521492
0.001720692,526.872986,5/20/2014,1,526.8712653
0.017309318,535.992798,5/21/2014,1,535.9754887
0.011355653,542.079346,5/22/2014,1,542.0679903
0.014016776,549.677551,5/23/2014,1,549.6635342
0.02397324,562.855103,5/27/2014,1,562.8311298
0.007544826,558.608459,5/28/2014,0,558.6160038
0.002848591,557.017212,5/29/2014,0,557.0200606
0.000339244,556.828247,5/30/2014,0,556.8285862
0.010644877,550.900879,6/2/2014,0,550.9115239
0.01622952,541.960022,6/3/2014,0,541.9762515
0.000513881,541.681519,6/4/2014,0,541.6820329
0.016964791,550.871033,6/5/2014,1,550.8540682
0.004387029,553.28772,6/6/2014,1,553.283333
0.010407536,559.046082,6/9/2014,1,559.0356745
0.002793085,557.484619,6/10/2014,0,557.4874121
0.003050527,555.783997,6/11/2014,0,555.7870475
0.013402754,548.334961,6/12/2014,0,548.3483638
0.000743662,548.742737,6/13/2014,1,548.7419933
0.013556602,541.30365,6/16/2014,0,541.3172066
0.002333371,540.040588,6/17/2014,0,540.0429214
0.019078834,550.343933,6/18/2014,1,550.3248542
0.002764829,551.86554,6/19/2014,1,551.8627752
0.002631123,553.317566,6/20/2014,1,553.3149349
0.015439651,561.860596,6/23/2014,1,561.8451563
0.000584106,561.53241,6/24/2014,0,561.5329941
0.024848516,575.485657,6/25/2014,1,575.4608085
0.004579607,572.850159,6/26/2014,0,572.8547386
0.002152771,574.083374,6/27/2014,1,574.0812212
0.003395465,572.134094,6/30/2014,0,572.1374895
0.012845957,579.483704,7/1/2014,1,579.470858
0.000574979,579.150513,7/2/2014,0,579.151088
0.004112743,581.53241,7/3/2014,1,581.5282973
0.004241261,579.065979,7/7/2014,0,579.0702203
0.019166966,567.967041,7/8/2014,0,567.986208
0.008737669,572.929749,7/9/2014,1,572.9210113
0.008644725,567.976929,7/10/2014,0,567.9855737
0.014148157,576.012756,7/11/2014,1,575.9986078
0.009824218,581.671631,7/14/2014,1,581.6618068
0.000153829,581.582153,7/15/2014,0,581.5823068
0.00362528,579.473755,7/16/2014,0,579.4773803
0.015326259,570.59259,7/17/2014,0,570.6079163
0.037212569,591.825806,7/18/2014,1,591.7885934
0.009427242,586.246521,7/21/2014,0,586.2559482
0.008940181,591.487671,7/22/2014,1,591.4787308
0.002084938,592.720886,7/23/2014,1,592.7188011
0.00441287,590.105286,7/24/2014,0,590.1096989
0.007297572,585.79895,7/25/2014,0,585.8062476
0.002682405,587.3703,7/28/2014,1,587.3676176
0.008449026,582.407593,7/29/2014,0,582.416042
0.003090808,584.207703,7/30/2014,1,584.2046122
0.026931278,568.474243,7/31/2014,0,568.5011743
0.009674591,562.974487,8/1/2014,0,562.9841616
0.012507245,570.015747,8/4/2014,1,570.0032398
0.014097554,561.979919,8/5/2014,0,561.9940166
0.002307689,563.276794,8/6/2014,1,563.2744863
0.005321535,560.279297,8/7/2014,0,560.2846185
0.009603125,565.659729,8/8/2014,1,565.6501259
0.001564886,564.774536,8/11/2014,0,564.7761009
0.009068798,559.65271,8/12/2014,0,559.6617788
0.021413514,571.636841,8/13/2014,1,571.6154275
0.000226145,571.507568,8/14/2014,0,571.5077941
0.00203608,570.343933,8/15/2014,0,570.3459691
0.015135723,578.976501,8/18/2014,1,578.9613653
0.008073309,583.650757,8/19/2014,1,583.6426837
0.004038365,581.293762,8/20/2014,0,581.2978004
0.001916227,580.179871,8/21/2014,0,580.1817872
0.00138854,579.374268,8/22/2014,0,579.3756565
0.004051001,577.027222,8/25/2014,0,577.031273
0.004033103,574.700012,8/26/2014,0,574.7040451
0.011871428,567.877502,8/27/2014,0,567.8893734
0.003152372,566.087341,8/28/2014,0,566.0904934
0.004216491,568.474243,8/29/2014,1,568.4700265
0.0100245,574.172913,9/2/2014,1,574.1628885
0.001056525,574.779541,9/3/2014,1,574.7784845
0.006990409,578.797485,9/4/2014,1,578.7904946
0.00704491,582.875061,9/5/2014,1,582.8680161
0.006210689,586.495117,9/8/2014,1,586.4889063
0.014769693,577.832764,9/9/2014,0,577.8475337
0.003597152,579.911316,9/10/2014,1,579.9077188
0.00300118,578.170898,9/11/2014,0,578.1738992
0.009856375,572.472229,9/12/2014,0,572.4820854
0.0043779,569.966003,9/15/2014,0,569.9703809
0.011952574,576.778564,9/16/2014,1,576.7666114
0.00831106,581.572205,9/17/2014,1,581.5638939
0.007695351,586.047607,9/18/2014,1,586.0399116
0.011556684,592.820374,9/19/2014,1,592.8088173
0.014612209,584.157959,9/22/2014,0,584.1725712
0.01062362,577.952087,9/23/2014,0,577.9627106
0.011804629,584.774597,9/24/2014,1,584.7627924
0.021990206,571.915283,9/25/2014,0,571.9372732
0.003547501,573.944153,9/26/2014,1,573.9406055
0.001282289,573.208191,9/29/2014,0,573.2094733
0.001734984,574.202698,9/30/2014,1,574.200963
0.015744062,565.162415,10/1/2014,0,565.1781591
0.003185118,566.962524,10/2/2014,1,566.9593389
0.009121538,572.134094,10/3/2014,1,572.1249725
0.003598204,574.192749,10/6/2014,1,574.1891508
0.023573133,560.657227,10/7/2014,0,560.6808001
0.015539079,569.369324,10/8/2014,1,569.3537849
0.020296945,557.812866,10/9/2014,0,557.8331629
0.029222013,541.512451,10/10/2014,0,541.541673
0.020716648,530.294128,10/13/2014,0,530.3148446
0.008870856,534.998291,10/14/2014,1,534.9894201
0.014704271,527.131531,10/15/2014,0,527.1462353
0.010414492,521.641724,10/16/2014,0,521.6521385
0.025433221,508.374695,10/17/2014,0,508.4001282
0.018917397,517.991821,10/20/2014,1,517.9729036
0.010943848,523.660645,10/21/2014,1,523.6497012
0.011717951,529.796875,10/22/2014,1,529.785157
0.021155984,541.005249,10/23/2014,1,540.984093
0.007720816,536.828247,10/24/2014,0,536.8359678
0.001834028,537.812805,10/27/2014,1,537.810971
0.015034173,545.898376,10/28/2014,1,545.8833418
0.00078332,546.325989,10/29/2014,1,546.3252057
0.001784045,547.300659,10/30/2014,1,547.298875
0.01593648,556.022705,10/31/2014,1,556.0067685
0.006904265,552.183777,11/3/2014,0,552.1906813
0.001999121,551.079895,11/4/2014,0,551.0818941
0.01478055,542.934631,11/5/2014,0,542.9494116
0.007107235,539.075867,11/6/2014,0,539.0829742
0.001900202,538.051514,11/7/2014,0,538.0534142
0.011977626,544.496094,11/10/2014,1,544.4841164
0.005114211,547.280762,11/11/2014,1,547.2756478
0.00541529,544.317078,11/12/2014,0,544.3224933
0.003526428,542.397583,11/13/2014,0,542.4011094
0.001796854,541.422974,11/14/2014,0,541.4247709
0.014493037,533.576111,11/17/2014,0,533.590604
0.002758602,532.104187,11/18/2014,0,532.1069456
0.003663343,534.053467,11/19/2014,1,534.0498037
0.004022432,531.905273,11/20/2014,0,531.9092954
0.004992235,534.560669,11/21/2014,1,534.5556768
0.003293127,536.321045,11/24/2014,1,536.3177519
0.00335629,538.121094,11/25/2014,1,538.1177377
0.001312188,537.414978,11/26/2014,0,537.4162902
0.002701871,538.867004,11/28/2014,1,538.8643021
0.014820139,530.88092,12/1/2014,0,530.8957401
9.37E-05,530.831177,12/2/2014,0,530.8312707
0.004552647,528.41449,12/3/2014,0,528.4190426
0.011273868,534.371765,12/4/2014,1,534.3604911
0.02242658,522.387634,12/5/2014,0,522.4100606
0.003274526,524.098206,12/8/2014,1,524.0949315
0.012125785,530.453308,12/9/2014,1,530.4411822
0.01370541,523.183228,12/10/2014,0,523.1969334
0.004334195,525.450806,12/11/2014,1,525.4464718
0.018321555,515.82373,12/12/2014,0,515.8420516
0.009370323,510.990295,12/15/2014,0,510.9996653
0.035831064,492.680969,12/16/2014,0,492.7168001
0.01917683,502.129028,12/17/2014,1,502.1098512
0.012299679,508.305054,12/18/2014,1,508.2927543
0.010272007,513.526367,12/19/2014,1,513.516095
0.016500397,521.999756,12/22/2014,1,521.9832556
0.010897938,527.688477,12/23/2014,1,527.6775791
0.003430166,525.878418,12/24/2014,0,525.8818482
0.009947664,531.10968,12/26/2014,1,531.0997323
0.006928414,527.429932,12/29/2014,0,527.4368604
0.000169647,527.519409,12/30/2014,1,527.5192394
0.007578842,523.521423,12/31/2014,0,523.5290018
0.003025051,521.937744,1/2/2015,0,521.9407691
0.020845641,511.057617,1/5/2015,0,511.0784626
0.02317707,499.212799,1/6/2015,0,499.2359761
0.001713269,498.357513,1/7/2015,0,498.3592263
0.00315306,499.928864,1/8/2015,1,499.9257109
0.012950575,493.454498,1/9/2015,0,493.4674486
0.007295889,489.854309,1/12/2015,0,489.8616049
0.00736982,493.464447,1/13/2015,1,493.4570772
0.009452225,498.128784,1/14/2015,1,498.1193318
0.00183677,499.043732,1/15/2015,1,499.0418952
0.012535142,505.299316,1/16/2015,1,505.2867809
0.002322491,504.125763,1/20/2015,0,504.1280855
0.021976679,515.204773,1/21/2015,1,515.1827963
0.031561352,531.465332,1/22/2015,1,531.4337706
0.010404331,536.994873,1/23/2015,1,536.9844687
0.008778575,532.280823,1/26/2015,0,532.2896016
0.030978493,515.791565,1/27/2015,0,515.8225435
0.016639985,507.208801,1/28/2015,0,507.225441
0.001294147,507.865204,1/29/2015,1,507.8639099
0.046723815,531.594604,1/30/2015,1,531.5478802
0.011299885,525.587646,2/2/2015,0,525.5989459
0.001438124,526.343506,2/3/2015,1,526.3420679
0.012243941,519.898987,2/4/2015,0,519.9112309
0.009220212,524.692566,2/5/2015,1,524.6833458
0.006482474,528.093872,2/6/2015,1,528.0873895
0.005969865,524.941223,2/9/2015,0,524.9471929
0.017259304,534.001343,2/10/2015,1,533.9840837
0.001806477,533.036682,2/11/2015,0,533.0384885
0.012985739,539.958557,2/12/2015,1,539.9455713
0.01119855,546.00531,2/13/2015,1,545.9941115
0.011238407,539.86908,2/17/2015,0,539.8803184
0.005784371,536.746277,2/18/2015,0,536.7520614
0.005878064,539.901306,2/19/2015,1,539.8954279
0.007225284,536.000366,2/20/2015,0,536.0075913
0.013062426,528.998901,2/23/2015,0,529.0119634
0.007858438,533.156006,2/24/2015,1,533.1481476
0.014512501,540.893433,2/25/2015,1,540.8789205
0.021346991,552.43988,2/26/2015,1,552.418533
0.005256777,555.343933,2/27/2015,1,555.3386762
0.023173281,568.213074,3/2/2015,1,568.1899007
0.004025627,570.500488,3/3/2015,1,570.4964624
0.000470627,570.231995,3/4/2015,0,570.2324656
0.003418396,572.181274,3/5/2015,1,572.1778556
0.013288007,564.578125,3/6/2015,0,564.591413
0.002052097,565.736694,3/9/2015,1,565.7346419
0.02432973,551.972473,3/10/2015,0,551.9968027
0.006900744,548.163452,3/11/2015,0,548.1703527
0.007855823,552.469727,3/12/2015,1,552.4618712
0.014743146,544.324585,3/13/2015,0,544.3393281
0.013136711,551.47522,3/16/2015,1,551.4620833
0.006618435,547.825317,3/17/2015,0,547.8319354
0.015721342,556.437866,3/18/2015,1,556.4221447
0.00269879,554.936157,3/19/2015,0,554.9388558
0.004247436,557.293213,3/20/2015,1,557.2889656
0.002766165,555.751648,3/23/2015,0,555.7544142
0.02036476,567.069397,3/24/2015,1,567.0490322
0.02000212,555.726807,3/25/2015,0,555.7468091
0.006469393,552.131592,3/26/2015,0,552.1380614
0.012302507,545.338989,3/27/2015,0,545.3512915
0.006729392,549.008789,3/30/2015,1,549.0020596
0.007300311,545.000854,3/31/2015,0,545.0081543
0.0099271,539.590576,4/1/2015,0,539.6005031
0.012957076,532.59906,4/2/2015,0,532.6120171
0.002306185,533.827332,4/6/2015,1,533.8250258
0.000475062,534.080933,4/7/2015,1,534.0804579
0.008547169,538.645813,4/8/2015,1,538.6372658
0.001532434,537.820374,4/9/2015,0,537.8219064
0.001423912,537.054565,4/10/2015,0,537.0559889
0.001555499,536.219177,4/13/2015,0,536.2207325
0.016284375,527.487183,4/14/2015,0,527.5034674
0.004039294,529.617859,4/15/2015,1,529.6138197
0.00238036,530.87854,4/16/2015,1,530.8761596
0.018265298,521.181885,4/17/2015,0,521.2001503
0.021620101,532.44989,4/20/2015,1,532.4282699
0.002629171,531.049988,4/21/2015,0,531.0526172
0.010099046,536.413086,4/22/2015,1,536.402987
0.01415551,544.006287,4/23/2015,1,543.9921315
0.033016495,561.967468,4/24/2015,1,561.9344515
0.011739955,555.369995,4/27/2015,0,555.381735
0.00304302,553.679993,4/28/2015,0,553.683036
0.008308005,549.080017,4/29/2015,0,549.088325
0.021381201,537.340027,4/30/2015,0,537.3614082
0.001042165,537.900024,5/1/2015,1,537.8989818
0.005354164,540.780029,5/4/2015,1,540.7746748
0.018454899,530.799988,5/5/2015,0,530.8184429
0.012396415,524.219971,5/6/2015,0,524.2323674
0.012361301,530.700012,5/7/2015,1,530.6876507
0.014169887,538.219971,5/8/2015,1,538.2058011
0.004682024,535.700012,5/11/2015,0,535.704694
0.012432395,529.039978,5/12/2015,0,529.0524104
0.001096358,529.619995,5/13/2015,1,529.6188986
0.016577979,538.400024,5/14/2015,1,538.383446
0.008451055,533.849976,5/15/2015,0,533.8584271
0.002903415,532.299988,5/18/2015,0,532.3028914
0.009505912,537.359985,5/19/2015,1,537.3504791
0.003554479,539.27002,5/20/2015,1,539.2664655
0.006008103,542.51001,5/21/2015,1,542.5040019
0.004423928,540.109985,5/22/2015,0,540.1144089
0.014422948,532.320007,5/26/2015,0,532.3344299
0.014032858,539.789978,5/27/2015,1,539.7759451
1.84E-05,539.780029,5/28/2015,0,539.7800474
0.014209574,532.109985,5/29/2015,0,532.1241946
0.003533114,533.98999,6/1/2015,1,533.9864569
0.009719289,539.179993,6/2/2015,1,539.1702737
0.002095784,540.309998,6/3/2015,1,540.3079022
0.006681324,536.700012,6/4/2015,0,536.7066933
0.006279104,533.330017,6/5/2015,0,533.3362961
0.012187576,526.830017,6/8/2015,0,526.8422046
0.000265769,526.690002,6/9/2015,0,526.6902678
0.018986501,536.690002,6/10/2015,1,536.6710155
0.00387564,534.609985,6/11/2015,0,534.6138606
0.004264731,532.330017,6/12/2015,0,532.3342817
0.009636888,527.200012,6/15/2015,0,527.2096489
0.001801995,528.150024,6/16/2015,1,528.148222
0.002101649,529.26001,6/17/2015,1,529.2579084
0.014113989,536.72998,6/18/2015,1,536.715866
7.45E-05,536.690002,6/19/2015,0,536.6900765
0.00279491,538.190002,6/22/2015,1,538.1872071
0.004254962,540.47998,6/23/2015,1,540.475725
0.00488446,537.840027,6/24/2015,0,537.8449115
0.004852831,535.22998,6/25/2015,0,535.2348328
0.006613938,531.690002,6/26/2015,0,531.6966159
0.019127653,521.52002,6/29/2015,0,521.5391477
0.001936666,520.51001,6/30/2015,0,520.5119467
0.002555219,521.840027,7/1/2015,1,521.8374718
0.002989416,523.400024,7/2/2015,1,523.3970346
0.00103179,522.859985,7/6/2015,0,522.8610168
0.004131192,525.02002,7/7/2015,1,525.0158888
0.015599411,516.830017,7/8/2015,0,516.8456164
0.007449211,520.679993,7/9/2015,1,520.6725438
0.018149366,530.130005,7/10/2015,1,530.1118556
0.030973502,546.549988,7/13/2015,1,546.5190145
0.026621514,561.099976,7/14/2015,1,561.0733545
0.001568357,560.219971,7/15/2015,0,560.2215394
0.035039817,579.849976,7/16/2015,1,579.8149362
0.160524309,672.929993,7/17/2015,1,672.7694687
0.014726603,663.02002,7/20/2015,0,663.0347466
0.001085988,662.299988,7/21/2015,0,662.301074
0.000301996,662.099976,7/22/2015,0,662.100278
0.026914284,644.280029,7/23/2015,0,644.3069433
0.032159977,623.559998,7/24/2015,0,623.592158
0.00593369,627.26001,7/27/2015,1,627.2540763
0.001179718,628,7/28/2015,1,627.9988203
0.006257951,631.929993,7/29/2015,1,631.923735
0.001044473,632.590027,7/30/2015,1,632.5889825
0.011034069,625.609985,7/31/2015,0,625.6210191
0.008951323,631.210022,8/3/2015,1,631.2010707
0.003105182,629.25,8/4/2015,0,629.2531052
0.023091027,643.780029,8/5/2015,1,643.756938
0.001708714,642.679993,8/6/2015,0,642.6817017
0.011483172,635.299988,8/7/2015,0,635.3114712
0.002471286,633.72998,8/10/2015,0,633.7324513
0.042683871,660.780029,8/11/2015,1,660.7373451
0.00184635,659.559998,8/12/2015,0,659.5618444
0.004715244,656.450012,8/13/2015,0,656.4547272
0.001020615,657.119995,8/14/2015,1,657.1189744
0.00570672,660.869995,8/17/2015,1,660.8642883
0.007172349,656.130005,8/18/2015,0,656.1371773
0.00726993,660.900024,8/19/2015,1,660.8927541
0.021289161,646.830017,8/20/2015,0,646.8513062
0.053105199,612.47998,8/21/2015,0,612.5330852
0.037339988,589.609985,8/24/2015,0,589.647325
0.012805053,582.059998,8/25/2015,0,582.0728031
0.079991749,628.619995,8/26/2015,1,628.5400033
0.014301152,637.609985,8/27/2015,1,637.5956838
0.011339189,630.380005,8/28/2015,0,630.3913442
0.01924237,618.25,8/31/2015,0,618.2692424
0.033093444,597.789978,9/1/2015,0,597.8230714
0.027685391,614.340027,9/2/2015,1,614.3123416
0.013168647,606.25,9/3/2015,0,606.2631686
0.009154619,600.700012,9/4/2015,0,600.7091666
0.023239488,614.659973,9/8/2015,1,614.6367335
0.00315622,612.719971,9/9/2015,0,612.7231272
0.014084746,621.349976,9/10/2015,1,621.3358913
0.007113614,625.77002,9/11/2015,1,625.7629064
0.004043067,623.23999,9/14/2015,0,623.2440331
0.019093808,635.140015,9/15/2015,1,635.1209212
0.001322488,635.97998,9/16/2015,1,635.9786575
0.010880915,642.900024,9/17/2015,1,642.8891431
0.021231954,629.25,9/18/2015,0,629.271232
0.009837111,635.440002,9/21/2015,1,635.4301649
0.020064837,622.690002,9/22/2015,0,622.7100668
0.000529986,622.359985,9/23/2015,0,622.360515
0.005527352,625.799988,9/24/2015,1,625.7944606
0.02209974,611.969971,9/25/2015,0,611.9920707
0.027909794,594.890015,9/28/2015,0,594.9179248
0.000134405,594.969971,9/29/2015,1,594.9698366
0.022606203,608.419983,9/30/2015,1,608.3973768
0.004717128,611.289978,10/1/2015,1,611.2852609
0.025552513,626.909973,10/2/2015,1,626.8844205
0.023225022,641.469971,10/5/2015,1,641.446746
0.006188958,645.440002,10/6/2015,1,645.433813
0.004771965,642.359985,10/7/2015,0,642.364757
0.004981649,639.159973,10/8/2015,0,639.1649546
0.006962282,643.609985,10/9/2015,1,643.6030227
0.004754429,646.669983,10/12/2015,1,646.6652286
0.008706149,652.299988,10/13/2015,1,652.2912819
0.001747685,651.159973,10/14/2015,0,651.1617207
0.016247954,661.73999,10/15/2015,1,661.723742
0.00069517,662.200012,10/16/2015,1,662.1993168
0.005889405,666.099976,10/19/2015,1,666.0940866
0.023750109,650.280029,10/20/2015,0,650.3037791
0.011794986,642.609985,10/21/2015,0,642.62178
0.014285481,651.789978,10/22/2015,1,651.7756925
0.07703405,702,10/23/2015,1,701.922966
0.015356167,712.780029,10/26/2015,1,712.7646728
0.006018742,708.48999,10/27/2015,0,708.4960087
0.006295109,712.950012,10/28/2015,1,712.9437169
0.005568372,716.919983,10/29/2015,1,716.9144146
0.008522548,710.809998,10/30/2015,0,710.8185205
0.014490493,721.109985,11/2/2015,1,721.0954945
0.001456072,722.159973,11/3/2015,1,722.1585169
0.008239188,728.109985,11/4/2015,1,728.1017458
0.004312556,731.25,11/5/2015,1,731.2456874
0.003432492,733.76001,11/6/2015,1,733.7565775
0.012088414,724.890015,11/9/2015,0,724.9021034
0.004731741,728.320007,11/10/2015,1,728.3152753
0.009721025,735.400024,11/11/2015,1,735.390303
0.005670443,731.22998,11/12/2015,0,731.2356504
0.019460334,717,11/13/2015,0,717.0194603
0.016680644,728.960022,11/16/2015,1,728.9433414
0.005020898,725.299988,11/17/2015,0,725.3050089
0.020267492,740,11/18/2015,1,739.9797325
0.002148685,738.409973,11/19/2015,0,738.4121217
0.024634016,756.599976,11/20/2015,1,756.575342
0.00081945,755.97998,11/23/2015,0,755.9807995
0.01018539,748.280029,11/24/2015,0,748.2902144
0.000173738,748.150024,11/25/2015,0,748.1501977
0.002820271,750.26001,11/27/2015,1,750.2571897
0.010209839,742.599976,11/30/2015,0,742.6101858
0.032911396,767.039978,12/1/2015,1,767.0070666
0.006075267,762.380005,12/2/2015,0,762.3860803
0.012906985,752.539978,12/3/2015,0,752.552885
0.018962474,766.809998,12/4/2015,1,766.7910355
0.004642608,763.25,12/7/2015,0,763.2546426
0.001152971,762.369995,12/8/2015,0,762.371148
0.014113895,751.609985,12/9/2015,0,751.6240989
0.002860477,749.460022,12/10/2015,0,749.4628825
0.014130209,738.869995,12/11/2015,0,738.8841252
0.012045455,747.77002,12/14/2015,1,747.7579745
0.005844037,743.400024,12/15/2015,0,743.405868
0.019760563,758.090027,12/16/2015,1,758.0702664
0.01142349,749.429993,12/17/2015,0,749.4414165
0.01350359,739.309998,12/18/2015,0,739.3235016
0.011443132,747.77002,12/21/2015,1,747.7585769
0.002982174,750,12/22/2015,1,749.9970178
0.000413331,750.309998,12/23/2015,1,750.3095847
0.00254558,748.400024,12/24/2015,0,748.4025696
0.018853535,762.51001,12/28/2015,1,762.4911565
0.018478401,776.599976,12/29/2015,1,776.5814976
0.007210889,771,12/30/2015,0,771.0072109
0.015719838,758.880005,12/31/2015,0,758.8957248
0.022454114,741.840027,1/4/2016,0,741.8624811
0.000997506,742.580017,1/5/2016,1,742.5790195
0.001400493,743.619995,1/6/2016,1,743.6185945
0.02317041,726.390015,1/7/2016,0,726.4131854
0.016409978,714.469971,1/8/2016,0,714.486381
0.002183518,716.030029,1/11/2016,1,716.0278455
0.014021728,726.070007,1/12/2016,1,726.0559853
0.035134365,700.559998,1/13/2016,0,700.5951324
0.020212363,714.719971,1/14/2016,1,714.6997586
0.0283607,694.450012,1/15/2016,0,694.4783727
0.010569466,701.789978,1/19/2016,1,701.7794085
0.00475921,698.450012,1/20/2016,0,698.4547712
0.011654399,706.590027,1/21/2016,1,706.5783726
0.026408486,725.25,1/22/2016,1,725.2235915
0.018724601,711.669983,1/25/2016,0,711.6887076
0.001925043,713.039978,1/26/2016,1,713.038053
0.018301902,699.98999,1/27/2016,0,700.0082919
0.044243536,730.960022,1/28/2016,1,730.9157785
0.016403072,742.950012,1/29/2016,1,742.9336089
0.012181153,752,2/1/2016,1,751.9878188
0.01682184,764.650024,2/2/2016,1,764.6332022
0.049303617,726.950012,2/3/2016,0,726.9993156
0.026054064,708.01001,2/4/2016,0,708.0360641
0.03451929,683.570007,2/5/2016,0,683.6045263
0.001214238,682.73999,2/8/2016,0,682.7412042
0.006781506,678.109985,2/9/2016,0,678.1167665
0.008862884,684.119995,2/10/2016,1,684.1111321
0.001476364,683.109985,2/11/2016,0,683.1114614
0.001039307,682.400024,2/12/2016,0,682.4010633
0.012602544,691,2/16/2016,1,690.9873975
0.025180932,708.400024,2/17/2016,1,708.3748431
0.015598599,697.349976,2/18/2016,0,697.3655746
0.005105036,700.909973,2/19/2016,1,700.904868
0.007918348,706.460022,2/22/2016,1,706.4521037
0.015018608,695.849976,2/23/2016,0,695.8649946
0.005331641,699.559998,2/24/2016,1,699.5546664
0.008848422,705.75,2/25/2016,1,705.7411516
0.000963504,705.070007,2/26/2016,0,705.0709705
0.010353563,697.77002,2/29/2016,0,697.7803736
0.03015317,718.809998,3/1/2016,1,718.7798448
5.56E-05,718.849976,3/2/2016,1,718.8499204
0.008944833,712.419983,3/3/2016,0,712.4289278
0.002147565,710.890015,3/4/2016,0,710.8921626
0.022127251,695.159973,3/7/2016,0,695.1821003
0.001711839,693.969971,3/8/2016,0,693.9716828
0.016239923,705.23999,3/9/2016,1,705.2237501
0.010748138,712.820007,3/10/2016,1,712.8092589
0.019640302,726.820007,3/11/2016,1,726.8003667
0.00504937,730.48999,3/14/2016,1,730.4849406
0.002956882,728.330017,3/15/2016,0,728.3329739
0.010654524,736.090027,3/16/2016,1,736.0793725
0.002295918,737.780029,3/17/2016,1,737.7777331
0.000244047,737.599976,3/18/2016,0,737.60022
0.00608738,742.090027,3/21/2016,1,742.0839396
0.001805747,740.75,3/22/2016,0,740.7518057
0.003631457,738.059998,3/23/2016,0,738.0636295
0.003739547,735.299988,3/24/2016,0,735.3037275
0.002407125,733.530029,3/28/2016,0,733.5324361
0.01532315,744.77002,3/29/2016,1,744.7546969
0.007733943,750.530029,3/30/2016,1,750.5222951
0.007434768,744.950012,3/31/2016,0,744.9574468
0.006658113,749.909973,4/1/2016,1,749.9033149
0.006160733,745.289978,4/4/2016,0,745.2961387
0.010049766,737.799988,4/5/2016,0,737.8100378
0.010693974,745.690002,4/6/2016,1,745.679308
0.007254989,740.280029,4/7/2016,0,740.287284
0.001526456,739.150024,4/8/2016,0,739.1515505
0.004126426,736.099976,4/11/2016,0,736.1041024
0.009496062,743.090027,4/12/2016,1,743.0805309
0.011613591,751.719971,4/13/2016,1,751.7083574
0.001968873,753.200012,4/14/2016,1,753.1980431
0.007700462,759,4/15/2016,1,758.9922995
0.010026331,766.609985,4/18/2016,1,766.5999587
0.016540343,753.929993,4/19/2016,0,753.9465333
0.001671256,752.669983,4/20/2016,0,752.6716543
0.008596107,759.140015,4/21/2016,1,759.1314189
0.053178589,718.77002,4/22/2016,0,718.8231986
0.006093749,723.150024,4/25/2016,1,723.1439303
0.020756425,708.140015,4/26/2016,0,708.1607714
0.003247928,705.840027,4/27/2016,0,705.8432749
0.020996269,691.02002,4/28/2016,0,691.0410163
0.002879786,693.01001,4/29/2016,1,693.0071302
0.007503516,698.210022,5/2/2016,1,698.2025185
0.008378621,692.359985,5/3/2016,0,692.3683636
0.004824119,695.700012,5/4/2016,1,695.6951879
0.008236281,701.429993,5/5/2016,1,701.4217567
0.013814639,711.119995,5/6/2016,1,711.1061804
0.002503135,712.900024,5/9/2016,1,712.8975209
0.014419931,723.179993,5/10/2016,1,723.1655731
0.010910168,715.289978,5/11/2016,0,715.3008882
0.00276808,713.309998,5/12/2016,0,713.3127661
0.003476723,710.830017,5/13/2016,0,710.8334937
0.007962485,716.48999,5/16/2016,1,716.4820275
0.014319823,706.22998,5/17/2016,0,706.2442998
0.000566423,706.630005,5/18/2016,1,706.6294386
0.008929706,700.320007,5/19/2016,0,700.3289367
0.013450969,709.73999,5/20/2016,1,709.726539
0.007749317,704.23999,5/23/2016,0,704.2477393
0.022506585,720.090027,5/24/2016,1,720.0675204
0.007193535,725.27002,5/25/2016,1,725.2628265
0.001585651,724.119995,5/26/2016,0,724.1215807
0.011793595,732.659973,5/27/2016,1,732.6481794
0.00417656,735.719971,5/31/2016,1,735.7157944
0.002133892,734.150024,6/1/2016,0,734.1521579
0.005107948,730.400024,6/2/2016,0,730.4051319
0.011035045,722.340027,6/3/2016,0,722.351062
0.00801567,716.549988,6/6/2016,0,716.5580037
0.000139608,716.650024,6/7/2016,1,716.6498844
0.016228291,728.280029,6/8/2016,1,728.2638007
0.000411913,728.580017,6/9/2016,1,728.5796051
0.012586187,719.409973,6/10/2016,0,719.4225592
0.001459513,718.359985,6/13/2016,0,718.3614445
0.000125237,718.27002,6/14/2016,0,718.2701452
0.000904901,718.919983,6/15/2016,1,718.9190781
0.011906747,710.359985,6/16/2016,0,710.3718917
0.026240236,691.719971,6/17/2016,0,691.7462112
0.00287696,693.710022,6/20/2016,1,693.707145
0.003214571,695.940002,6/21/2016,1,695.9367874
0.002184125,697.460022,6/22/2016,1,697.4578379
0.006322904,701.869995,6/23/2016,1,701.8636721
0.037970029,675.219971,6/24/2016,0,675.257941
0.010307694,668.26001,6/27/2016,0,668.2703177
0.017627821,680.039978,6/28/2016,1,680.0223502
0.005984953,684.109985,6/29/2016,1,684.104
0.011679395,692.099976,6/30/2016,1,692.0882966
0.010273149,699.210022,7/1/2016,1,699.1997489
0.006092604,694.950012,7/5/2016,0,694.9561046
0.004057857,697.77002,7/6/2016,1,697.7659621
0.00345391,695.359985,7/7/2016,0,695.3634389
0.014769357,705.630005,7/8/2016,1,705.6152356
0.013406491,715.090027,7/11/2016,1,715.0766205
0.007761244,720.640015,7/12/2016,1,720.6322538
0.005078867,716.97998,7/13/2016,0,716.9850589
0.005537159,720.950012,7/14/2016,1,720.9444748
0.001525815,719.849976,7/15/2016,0,719.8515018
0.019351328,733.780029,7/18/2016,1,733.7606777
0.004333714,736.960022,7/19/2016,1,736.9556883
0.005739769,741.190002,7/20/2016,1,741.1842622
0.003453901,738.630005,7/21/2016,0,738.6334589
0.005564335,742.73999,7/22/2016,1,742.7344257
0.003998667,739.77002,7/25/2016,0,739.7740187
0.001824941,738.419983,7/26/2016,0,738.4218079
0.004536764,741.77002,7/27/2016,1,741.7654832
0.005581181,745.909973,7/28/2016,1,745.9043918
0.03067395,768.789978,7/29/2016,1,768.7593041
0.005320084,772.880005,8/1/2016,1,772.8746849
0.002341887,771.070007,8/2/2016,0,771.0723489
0.002736439,773.179993,8/3/2016,1,773.1772566
0.002030585,771.609985,8/4/2016,0,771.6120156
0.013750452,782.219971,8/5/2016,1,782.2062205
0.00058802,781.76001,8/8/2016,0,781.760598
0.003197912,784.26001,8/9/2016,1,784.2568121
0.000535515,784.679993,8/10/2016,1,784.6794575
0.000216627,784.849976,8/11/2016,1,784.8497594
0.002076836,783.219971,8/12/2016,0,783.2220478
0.000995849,782.440002,8/15/2016,0,782.4409978
0.006773666,777.140015,8/16/2016,0,777.1467887
0.003564297,779.909973,8/17/2016,1,779.9064087
0.003090066,777.5,8/18/2016,0,777.5030901
0.002675263,775.419983,8/19/2016,0,775.4226583
0.004217017,772.150024,8/22/2016,0,772.154241
9.07E-05,772.080017,8/23/2016,0,772.0801077
0.003160297,769.640015,8/24/2016,0,769.6431753
0.000298896,769.409973,8/25/2016,0,769.4102719
0.000168967,769.539978,8/26/2016,1,769.539809
0.003391696,772.150024,8/29/2016,1,772.1466323
0.003962957,769.090027,8/30/2016,0,769.09399
0.002652536,767.049988,8/31/2016,0,767.0526405
0.002255448,768.780029,9/1/2016,1,768.7777736
0.003486034,771.460022,9/2/2016,1,771.456536
0.011173612,780.080017,9/6/2016,1,780.0688434
0.000346066,780.349976,9/7/2016,1,780.3496299
0.006445786,775.320007,9/8/2016,0,775.3264528
0.020198155,759.659973,9/9/2016,0,759.6801712
0.012321364,769.02002,9/12/2016,1,769.0076986
0.012132347,759.690002,9/13/2016,0,759.7021343
0.003685698,762.48999,9/14/2016,1,762.4863043
0.012157563,771.76001,9/15/2016,1,771.7478524
0.003731737,768.880005,9/16/2016,0,768.8837367
0.004135877,765.700012,9/19/2016,0,765.7041479
0.007457178,771.409973,9/20/2016,1,771.4025158
0.006235333,776.219971,9/21/2016,1,776.2137357
0.014158423,787.210022,9/22/2016,1,787.1958636
0.000393793,786.900024,9/23/2016,0,786.9004178
0.016126575,774.210022,9/26/2016,0,774.2261486
0.011366409,783.01001,9/27/2016,1,782.9986436
0.001851844,781.559998,9/28/2016,0,781.5618498
0.008380659,775.01001,9/29/2016,0,775.0183907
0.002941856,777.289978,9/30/2016,1,777.2870361
0.006085219,772.559998,10/3/2016,0,772.5660832
0.005009313,776.429993,10/4/2016,1,776.4249837
5.15E-05,776.469971,10/5/2016,1,776.4699195
0.000502291,776.859985,10/6/2016,1,776.8594827
0.002291234,775.080017,10/7/2016,0,775.0823082
0.014011437,785.940002,10/10/2016,1,785.9259906
0.003651672,783.070007,10/11/2016,0,783.0736587
0.003920477,786.140015,10/12/2016,1,786.1360945
0.010112719,778.190002,10/13/2016,0,778.2001147
0.000436946,778.530029,10/14/2016,1,778.5295921
0.001836786,779.960022,10/17/2016,1,779.9581852
0.019616375,795.26001,10/18/2016,1,795.2403936
0.007846478,801.5,10/19/2016,1,801.4921535
0.005651939,796.969971,10/20/2016,0,796.9756229
0.003011436,799.369995,10/21/2016,1,799.3669836
0.017188524,813.109985,10/24/2016,1,813.0927965
0.006690364,807.669983,10/25/2016,0,807.6766734
0.010647884,799.070007,10/26/2016,0,799.0806549
0.004655451,795.349976,10/27/2016,0,795.3546315
2.52E-05,795.369995,10/28/2016,1,795.3699698
0.013616326,784.539978,10/31/2016,0,784.5535943
0.001185399,783.609985,11/1/2016,0,783.6111704
0.019027288,768.700012,11/2/2016,0,768.7190393
0.008546906,762.130005,11/3/2016,0,762.1385519
0.000144313,762.02002,11/4/2016,0,762.0201643
0.02690218,782.52002,11/7/2016,1,782.4931178
0.010210589,790.51001,11/8/2016,1,790.4997994
0.006578047,785.309998,11/9/2016,0,785.316576
0.028969452,762.559998,11/10/2016,0,762.5889675
0.01119909,754.02002,11/11/2016,0,754.0312191
0.023792476,736.080017,11/14/2016,0,736.1038095
0.030445023,758.48999,11/15/2016,1,758.459545
0.007897256,764.47998,11/16/2016,1,764.4720827
0.008829531,771.22998,11/17/2016,1,771.2211505
0.013860978,760.539978,11/18/2016,0,760.553839
0.011386691,769.200012,11/21/2016,1,769.1886253
0.001209038,768.27002,11/22/2016,0,768.271229
0.009475874,760.98999,11/23/2016,0,760.9994659
0.000906718,761.679993,11/25/2016,1,761.6790863
0.008612537,768.23999,11/28/2016,1,768.2313775
0.003384407,770.840027,11/29/2016,1,770.8366426
0.016605325,758.039978,11/30/2016,0,758.0565833
0.013350213,747.919983,12/1/2016,0,747.9333332
0.00344959,750.5,12/2/2016,1,750.4965504
0.016016016,762.52002,12/5/2016,1,762.504004
0.00447206,759.109985,12/6/2016,0,759.1144571
0.015913395,771.190002,12/7/2016,1,771.1740886
0.006781702,776.419983,12/8/2016,1,776.4132013
0.016576074,789.289978,12/9/2016,1,789.2734019
2.53E-05,789.27002,12/12/2016,0,789.2700453
0.00865351,796.099976,12/13/2016,1,796.0913225
0.001218479,797.070007,12/14/2016,1,797.0687885
0.000978545,797.849976,12/15/2016,1,797.8489975
0.008836233,790.799988,12/16/2016,0,790.8088242
0.004299474,794.200012,12/19/2016,1,794.1957125
0.002795229,796.419983,12/20/2016,1,796.4171878
0.002335432,794.559998,12/21/2016,0,794.5623334
0.004153227,791.26001,12/22/2016,0,791.2641632
0.001706186,789.909973,12/23/2016,0,789.9116792
0.002076205,791.549988,12/27/2016,1,791.5479118
0.008211737,785.049988,12/28/2016,0,785.0581997
0.00287881,782.789978,12/29/2016,0,782.7928568
0.014013939,771.820007,12/30/2016,0,771.8340209
